id,nameJa,category,family,shelf,starter,finite,builderFreeCook,builderGuided,shop,ingredients,recipesUsing
tomato-sauce,トマトソース,sauce,,sauce,true,false,true,true,false,true,17
olive-oil,オリーブオイル,sauce,,sauce,false,true,true,true,true,true,4
pesto,ジェノベーゼソース,sauce,,sauce,false,true,true,true,true,true,4
mozzarella,モッツァレラ,cheese,,cheese,true,false,true,true,false,true,19
gorgonzola,ゴルゴンゾーラ,cheese,,cheese,false,true,true,true,true,true,1
parmigiano,パルミジャーノ,cheese,,cheese,false,true,true,true,true,true,3
fontina,フォンティーナ,cheese,,cheese,false,true,true,true,true,true,1
basil,バジル,topping,herb,herb,true,false,true,true,false,true,4
garlic,にんにく,topping,herb,herb,false,true,true,true,true,true,3
oregano,オレガノ,topping,herb,herb,false,true,true,true,true,true,4
cherry-tomato,チェリートマト,topping,vegetable,vegetable,false,true,true,true,true,true,1
egg,たまご,topping,other,other,false,true,true,true,true,true,3
mushroom,マッシュルーム,topping,vegetable,vegetable,false,true,true,true,true,true,2
onion,たまねぎ,topping,vegetable,vegetable,false,true,true,true,true,true,4
sausage,ソーセージ,topping,meat,meat,false,true,true,true,true,true,2
pepperoni,ペパロニ,topping,meat,meat,false,true,true,true,true,true,2
anchovy,アンチョビ,topping,seafood,seafood,false,true,true,true,true,true,2
tuna,ツナ,topping,seafood,seafood,false,true,true,true,true,true,2
rosemary,ローズマリー,topping,herb,herb,false,true,true,true,true,true,1
bacon,ベーコン,topping,meat,meat,false,true,true,true,true,true,3
ham,ハム,topping,meat,meat,false,true,true,true,true,true,5
black-olive,ブラックオリーブ,topping,vegetable,vegetable,false,true,true,true,true,true,4
capers,ケッパー,topping,spice,spice,false,true,true,true,true,true,1
clam,あさり,topping,seafood,seafood,false,true,true,true,true,true,1
corn,コーン,topping,vegetable,vegetable,false,true,true,true,true,true,1
eggplant,ナス,topping,vegetable,vegetable,false,true,true,true,true,true,2
fresh-tomato,トマト,topping,vegetable,vegetable,false,true,true,true,true,true,1
pineapple,パイナップル,topping,fruit,fruit,false,true,true,true,true,true,1
potato,じゃがいも,topping,vegetable,vegetable,false,true,true,true,true,true,1
