evidence_id,name_ja,candidate_id,production_recipe_ids,wave,representability,decision_status,implementation_type,identity_set_status,identity_ingredient_count,existing_ingredient_count,new_ingredient_count,new_ingredient_ids,overlap_ratio,nearest_production_recipe_id,nearest_jaccard,collision_risk,collision_risk_reasons,required_capabilities,candidate_capabilities,runtime_contract_dependencies,sauce_base_status,sauce_base_ingredient_id,evidence_complete,blocker_types,review_item_types,dedicated_asset_required,pitz_price,unlock_fee,star_gate,non_star_condition,completion_gate
bbq-chicken-pizzadb,BBQチキンピザ,bbq-chicken,,W4,PARTIAL,READY,NEW_MECHANIC_AND_RUNTIME_CONTRACT_REQUIRED,COMPUTED_FROM_COMPLETE_IDENTITY_SETS,5,2,3,bbq-sauce|chicken|cilantro,0.4,tonno-e-cipolla,0.2857,LOW,,LATE_ADDITION,,UNSUPPORTED_SAUCE_ID_CONTRACT,listed,bbq-sauce,True,,,False,TBD,TBD,TBD,OWNER_DECISION_REQUIRED,OWNER_DECISION_REQUIRED
apple-cinnamon-dessert-pizzadb,アップルシナモンデザートピザ,apple-cinnamon-dessert,,W3,FULL,BLOCKED_PRODUCT_DECISION,EVIDENCE_OR_CONTENT_REVIEW_REQUIRED,NOT_COMPUTABLE_INCOMPLETE_IDENTITY_SET,,0,4,apple|cinnamon|cream-cheese|walnut,,,,UNKNOWN,INCOMPLETE_IDENTITY_SET,,,,unspecified,,False,BASE_SAUCE_UNSPECIFIED,,False,TBD,TBD,TBD,OWNER_DECISION_REQUIRED,OWNER_DECISION_REQUIRED
calabresa-argentina-pizzadb,アルゼンチン風カラブレーサ,calabresa-argentina,,W3,FULL,READY_WITH_REVIEW,EVIDENCE_OR_CONTENT_REVIEW_REQUIRED,COMPUTED_FROM_COMPLETE_IDENTITY_SETS,5,4,1,salami,0.8,capricciosa,0.5714,MEDIUM,CONTENT_REVIEW_OR_HIGH_SIMILARITY,,,,listed,tomato-sauce,True,,NAMING_CLUSTER,False,TBD,TBD,TBD,OWNER_DECISION_REQUIRED,OWNER_DECISION_REQUIRED
vongole-pizzadb,ヴォンゴレピザ,vongole,,W4,FULL,READY,RUNTIME_CONTRACT_CHANGE_REQUIRED,COMPUTED_FROM_COMPLETE_IDENTITY_SETS,4,2,2,clam|parsley,0.5,pizza-bianca,0.2,LOW,,,,SAUCELESS_RECIPE_CONTRACT,none,,True,,,False,TBD,TBD,TBD,OWNER_DECISION_REQUIRED,OWNER_DECISION_REQUIRED
aussie-pizzadb,オージーピザ,aussie,,W4,FULL,READY,RUNTIME_CONTRACT_CHANGE_REQUIRED,COMPUTED_FROM_COMPLETE_IDENTITY_SETS,4,4,0,,1.0,breakfast-pizza,0.6,LOW,,,,SAUCELESS_RECIPE_CONTRACT,none,,True,,,False,TBD,TBD,TBD,OWNER_DECISION_REQUIRED,OWNER_DECISION_REQUIRED
capricciosa-pizzadb,カプリチョーザ（PIZZA DB版）,capricciosa-pizzadb,capricciosa,W0_CORRESPONDENCE,FULL,BLOCKED_PRODUCT_DECISION,EVIDENCE_OR_CONTENT_REVIEW_REQUIRED,COMPUTED_FROM_COMPLETE_IDENTITY_SETS,7,6,1,artichoke,0.8571,capricciosa,0.625,MEDIUM,CONTENT_REVIEW_OR_HIGH_SIMILARITY,,ZONED_PLACEMENT,,listed,tomato-sauce,True,COMPOSITION_CONFLICT_SHIPPED,CANDIDATE_CAPABILITY,False,TBD,TBD,TBD,OWNER_DECISION_REQUIRED,OWNER_DECISION_REQUIRED
currywurst-pizzadb,カリーヴルストピザ,currywurst,,W4,FULL,READY,RUNTIME_CONTRACT_CHANGE_REQUIRED,COMPUTED_FROM_COMPLETE_IDENTITY_SETS,4,1,3,curry-ketchup|paprika-powder|wurstel,0.25,salsiccia,0.1667,LOW,,,,UNSUPPORTED_SAUCE_ID_CONTRACT,listed,curry-ketchup,True,,,False,TBD,TBD,TBD,OWNER_DECISION_REQUIRED,OWNER_DECISION_REQUIRED
calzone-pizzadb,カルツォーネ（PIZZA DB版）,calzone-pizzadb,,W5,NOT_REPRESENTABLE,BLOCKED_PRODUCT_DECISION,NEW_MECHANIC_REQUIRED,COMPUTED_FROM_COMPLETE_IDENTITY_SETS,4,2,2,ricotta|salami,0.5,salsiccia,0.4,LOW,,ENCLOSE,,,listed,tomato-sauce,True,COMPOSITION_CONFLICT_CANDIDATE,,False,TBD,TBD,TBD,OWNER_DECISION_REQUIRED,OWNER_DECISION_REQUIRED
quattro-stagioni-pizzadb,クアトロスタジオーニ（PIZZA DB版）,quattro-stagioni,,W4,PARTIAL,READY,NEW_MECHANIC_REQUIRED,COMPUTED_FROM_COMPLETE_IDENTITY_SETS,6,5,1,artichoke,0.8333,capricciosa,0.7143,LOW,,ZONED_PLACEMENT,,,listed,tomato-sauce,True,,,False,TBD,TBD,TBD,OWNER_DECISION_REQUIRED,OWNER_DECISION_REQUIRED
quattro-formaggi-pizzadb,クアトロフォルマッジ（PIZZA DB版）,quattro-formaggi-pizzadb,quattro-formaggi,W0_CORRESPONDENCE,FULL,BLOCKED_PRODUCT_DECISION,EVIDENCE_OR_CONTENT_REVIEW_REQUIRED,COMPUTED_FROM_COMPLETE_IDENTITY_SETS,4,4,0,,1.0,quattro-formaggi,0.8,MEDIUM,CONTENT_REVIEW_OR_HIGH_SIMILARITY,,,,none,,True,COMPOSITION_CONFLICT_SHIPPED,,False,TBD,TBD,TBD,OWNER_DECISION_REQUIRED,OWNER_DECISION_REQUIRED
grandma-pizza-pizzadb,グランマピザ,grandma-pizza,,W4,PARTIAL,READY,NEW_MECHANIC_REQUIRED,COMPUTED_FROM_COMPLETE_IDENTITY_SETS,4,4,0,,1.0,salsiccia,0.4,LOW,,MULTI_SPREAD_LAYER,,,listed,tomato-sauce,True,,,False,TBD,TBD,TBD,OWNER_DECISION_REQUIRED,OWNER_DECISION_REQUIRED
greek-style-pizzadb,グリークスタイルピザ（PIZZA DB版）,greek-style-pizzadb,,W5,NOT_REPRESENTABLE,BLOCKED_PRODUCT_DECISION,NEW_MECHANIC_REQUIRED,COMPUTED_FROM_COMPLETE_IDENTITY_SETS,4,3,1,feta,0.75,capricciosa,0.4286,LOW,,DOUGH_VARIANT|PAN_BAKE,,,listed,tomato-sauce,True,COMPOSITION_CONFLICT_CANDIDATE,,False,TBD,TBD,TBD,OWNER_DECISION_REQUIRED,OWNER_DECISION_REQUIRED
chicago-deep-dish-pizzadb,シカゴディープディッシュ（PIZZA DB版）,chicago-deep-dish-pizzadb,,W5,NOT_REPRESENTABLE,BLOCKED_PRODUCT_DECISION,NEW_MECHANIC_REQUIRED,COMPUTED_FROM_COMPLETE_IDENTITY_SETS,4,4,0,,1.0,salsiccia,0.75,MEDIUM,CONTENT_REVIEW_OR_HIGH_SIMILARITY,STEP_ORDER|PAN_BAKE,,,listed,tomato-sauce,True,COMPOSITION_CONFLICT_CANDIDATE,NAMING_CLUSTER,False,TBD,TBD,TBD,OWNER_DECISION_REQUIRED,OWNER_DECISION_REQUIRED
siciliana-pizzadb,シチリアンピザ（PIZZA DB版）,siciliana-pizzadb,,W5,NOT_REPRESENTABLE,BLOCKED_PRODUCT_DECISION,NEW_MECHANIC_REQUIRED,COMPUTED_FROM_COMPLETE_IDENTITY_SETS,4,4,0,,1.0,tonno-e-cipolla,0.6,MEDIUM,CONTENT_REVIEW_OR_HIGH_SIMILARITY,DOUGH_VARIANT|PAN_BAKE|DOUGH_SHAPE_TARGET,,,listed,tomato-sauce,True,COMPOSITION_CONFLICT_CANDIDATE,NAMING_CLUSTER,False,TBD,TBD,TBD,OWNER_DECISION_REQUIRED,OWNER_DECISION_REQUIRED
sfincione-pizzadb,スフィンチョーネ,sfincione,,W4,PARTIAL,READY_WITH_REVIEW,NEW_MECHANIC_REQUIRED,COMPUTED_FROM_COMPLETE_IDENTITY_SETS,5,5,0,,1.0,fugazza,0.6,MEDIUM,CONTENT_REVIEW_OR_HIGH_SIMILARITY,MULTI_SPREAD_LAYER,,,family_derived,tomato-sauce,True,,NAMING_CLUSTER,False,TBD,TBD,TBD,OWNER_DECISION_REQUIRED,OWNER_DECISION_REQUIRED
supreme-pizzadb,スプリームピザ,supreme-pizzadb,,W3,FULL,BLOCKED_PRODUCT_DECISION,EVIDENCE_OR_CONTENT_REVIEW_REQUIRED,COMPUTED_FROM_COMPLETE_IDENTITY_SETS,7,6,1,bell-pepper,0.8571,meat-lovers,0.3,LOW,,,,,listed,tomato-sauce,True,COMPOSITION_CONFLICT_CANDIDATE,,False,TBD,TBD,TBD,OWNER_DECISION_REQUIRED,OWNER_DECISION_REQUIRED
taco-pizza-pizzadb,タコピザ,taco-pizza,,W4,PARTIAL,BLOCKED_PRODUCT_DECISION,RUNTIME_CONTRACT_CHANGE_REQUIRED,COMPUTED_FROM_COMPLETE_IDENTITY_SETS,6,0,6,cheddar|fresh-tomato|ground-beef|lettuce|salsa|tortilla-chips,0.0,tonno-e-cipolla,0.0,LOW,,,LATE_ADDITION,UNSUPPORTED_SAUCE_ID_CONTRACT,listed,salsa,True,MECHANIC_INTERPRETATION,,False,TBD,TBD,TBD,OWNER_DECISION_REQUIRED,OWNER_DECISION_REQUIRED
flammkuchen-pizzadb,タルトフランベ,flammkuchen,,W4,FULL,READY,RUNTIME_CONTRACT_CHANGE_REQUIRED,COMPUTED_FROM_COMPLETE_IDENTITY_SETS,3,2,1,fromage-blanc-sauce,0.6667,fugazza,0.2,LOW,,,,UNSUPPORTED_SAUCE_ID_CONTRACT,listed,fromage-blanc-sauce,True,,,False,TBD,TBD,TBD,OWNER_DECISION_REQUIRED,OWNER_DECISION_REQUIRED
chilean-napolitana-pizzadb,チリアンナポリターナ,chilean-napolitana,,W3,FULL,READY_WITH_REVIEW,RUNTIME_CONTRACT_CHANGE_REQUIRED,COMPUTED_FROM_COMPLETE_IDENTITY_SETS,3,2,1,fresh-tomato,0.6667,napoletana,0.4,MEDIUM,CONTENT_REVIEW_OR_HIGH_SIMILARITY,,,SAUCELESS_RECIPE_CONTRACT,none,,True,,NAMING_CLUSTER,False,TBD,TBD,TBD,OWNER_DECISION_REQUIRED,OWNER_DECISION_REQUIRED
trenton-tomato-pie-pizzadb,トレントントマトパイ,trenton-tomato-pie,,W4,PARTIAL,READY_WITH_REVIEW,NEW_MECHANIC_REQUIRED,COMPUTED_FROM_COMPLETE_IDENTITY_SETS,2,2,0,,1.0,salsiccia,0.6667,HIGH,DISCOVERY_IDENTITY_REVIEW|MATRIX_COLLISION_REF,STEP_ORDER,,,listed,tomato-sauce,True,,SAME_INGREDIENT_SET_AS_CATALOG_RECIPE,False,TBD,TBD,TBD,OWNER_DECISION_REQUIRED,OWNER_DECISION_REQUIRED
tonno-e-cipolla-pizzadb,トンノエチポッラ（PIZZA DB版）,tonno-e-cipolla,tonno-e-cipolla,W0_CORRESPONDENCE,FULL,ALREADY_SHIPPED_CORROBORATED,RECIPE_DATA_ONLY,COMPUTED_FROM_COMPLETE_IDENTITY_SETS,4,4,0,,1.0,tonno-e-cipolla,1.0,HIGH,EXACT_PRODUCTION_INGREDIENT_SET,,,,listed,tomato-sauce,True,,,False,TBD,TBD,TBD,OWNER_DECISION_REQUIRED,OWNER_DECISION_REQUIRED
new-haven-apizza-pizzadb,ニューヘイブンアピッツァ,new-haven-apizza,,W1,FULL,READY,NEW_INGREDIENT_DATA_ONLY,COMPUTED_FROM_COMPLETE_IDENTITY_SETS,4,3,1,clam,0.75,quattro-formaggi,0.2857,LOW,,,,,listed,olive-oil,True,,,False,TBD,TBD,TBD,OWNER_DECISION_REQUIRED,OWNER_DECISION_REQUIRED
ny-style-pizzadb,ニューヨークスタイルピザ（PIZZA DB版）,ny-style,,W4,PARTIAL,READY_WITH_REVIEW,NEW_MECHANIC_REQUIRED,COMPUTED_FROM_COMPLETE_IDENTITY_SETS,2,2,0,,1.0,salsiccia,0.6667,HIGH,DISCOVERY_IDENTITY_REVIEW|MATRIX_COLLISION_REF,DOUGH_VARIANT,SERVE_FORM,,listed,tomato-sauce,True,,CANDIDATE_CAPABILITY|SAME_INGREDIENT_SET_AS_CATALOG_RECIPE,False,TBD,TBD,TBD,OWNER_DECISION_REQUIRED,OWNER_DECISION_REQUIRED
bacalhau-pizzadb,バカリャウピザ,bacalhau,,W4,FULL,READY,RUNTIME_CONTRACT_CHANGE_REQUIRED,COMPUTED_FROM_COMPLETE_IDENTITY_SETS,4,3,1,salt-cod,0.75,tonno-e-cipolla,0.3333,LOW,,,,SAUCELESS_RECIPE_CONTRACT,none,,True,,,False,TBD,TBD,TBD,OWNER_DECISION_REQUIRED,OWNER_DECISION_REQUIRED
buffalo-chicken-pizzadb,バッファローチキンピザ（PIZZA DB版）,buffalo-chicken-pizzadb,,W4,PARTIAL,BLOCKED_PRODUCT_DECISION,NEW_MECHANIC_AND_RUNTIME_CONTRACT_REQUIRED,COMPUTED_FROM_COMPLETE_IDENTITY_SETS,4,1,3,blue-cheese-dressing|buffalo-sauce|chicken,0.25,salsiccia,0.1667,LOW,,MULTI_SPREAD_LAYER|LATE_ADDITION,,UNSUPPORTED_SAUCE_ID_CONTRACT,listed,buffalo-sauce,True,COMPOSITION_CONFLICT_CANDIDATE,,False,TBD,TBD,TBD,OWNER_DECISION_REQUIRED,OWNER_DECISION_REQUIRED
margherita-pizzadb-row,マルゲリータ,margherita-pizzadb,margherita,W0_CORRESPONDENCE,PARTIAL,BLOCKED_PRODUCT_DECISION,NEW_MECHANIC_REQUIRED,COMPUTED_FROM_COMPLETE_IDENTITY_SETS,4,4,0,,1.0,margherita,0.75,LOW,,MULTI_SPREAD_LAYER,,,family_derived,tomato-sauce,True,COMPOSITION_CONFLICT_SHIPPED,,False,TBD,TBD,TBD,OWNER_DECISION_REQUIRED,OWNER_DECISION_REQUIRED
pizza-baiana,ピッツァ・バイアーナ,pizza-baiana,,W3,FULL,BLOCKED_PRODUCT_DECISION,EVIDENCE_OR_CONTENT_REVIEW_REQUIRED,NOT_COMPUTABLE_INCOMPLETE_IDENTITY_SET,,4,0,,,,,UNKNOWN,INCOMPLETE_IDENTITY_SET,,,,family_derived,tomato-sauce,False,UNRESOLVED_INGREDIENT,,False,TBD,TBD,TBD,OWNER_DECISION_REQUIRED,OWNER_DECISION_REQUIRED
pizza-a-caballo,ピッツァ・ア・カバージョ,pizza-a-caballo,,W5,NOT_REPRESENTABLE,BLOCKED_PRODUCT_DECISION,NEW_MECHANIC_AND_RUNTIME_CONTRACT_REQUIRED,COMPUTED_FROM_COMPLETE_IDENTITY_SETS,3,3,0,,1.0,capricciosa,0.5,LOW,,DOUGH_VARIANT|ENCLOSE,,SAUCELESS_RECIPE_CONTRACT,none,,True,EVIDENCE_GAP,,False,TBD,TBD,TBD,OWNER_DECISION_REQUIRED,OWNER_DECISION_REQUIRED
fugazzeta-rellena,フガゼッタ・レジェーナ,fugazzeta-rellena,,W5,NOT_REPRESENTABLE,READY,NEW_MECHANIC_AND_RUNTIME_CONTRACT_REQUIRED,COMPUTED_FROM_COMPLETE_IDENTITY_SETS,4,4,0,,1.0,capricciosa,0.4286,LOW,,DOUGH_VARIANT|ENCLOSE,,SAUCELESS_RECIPE_CONTRACT,none,,True,,,False,TBD,TBD,TBD,OWNER_DECISION_REQUIRED,OWNER_DECISION_REQUIRED
bianca-pizzadb-row,ピッツァビアンカ,bianca,,W3,FULL,READY_WITH_REVIEW,RUNTIME_CONTRACT_CHANGE_REQUIRED,COMPUTED_FROM_COMPLETE_IDENTITY_SETS,4,3,1,ricotta,0.75,pizza-bianca,0.5,MEDIUM,CONTENT_REVIEW_OR_HIGH_SIMILARITY,,,SAUCELESS_RECIPE_CONTRACT,none,,True,,NAMING_CLUSTER,False,TBD,TBD,TBD,OWNER_DECISION_REQUIRED,OWNER_DECISION_REQUIRED
pizza-de-cancha,ピッツァ・デ・カンチャ,pizza-de-cancha,,W4,PARTIAL,BLOCKED_PRODUCT_DECISION,NEW_MECHANIC_REQUIRED,NOT_COMPUTABLE_INCOMPLETE_IDENTITY_SET,,3,0,,,,,UNKNOWN,INCOMPLETE_IDENTITY_SET,DOUGH_VARIANT|MULTI_SPREAD_LAYER,,,family_derived,tomato-sauce,False,UNRESOLVED_INGREDIENT,,False,TBD,TBD,TBD,OWNER_DECISION_REQUIRED,OWNER_DECISION_REQUIRED
hawaiian-pizzadb-row,ハワイアンピザ,hawaiian,,W1,FULL,READY,NEW_INGREDIENT_DATA_ONLY,COMPUTED_FROM_COMPLETE_IDENTITY_SETS,4,3,1,pineapple,0.75,meat-lovers,0.4286,LOW,,,,,family_derived,tomato-sauce,True,,,False,TBD,TBD,TBD,OWNER_DECISION_REQUIRED,OWNER_DECISION_REQUIRED
swedish-kebab-pizza-pizzadb-p4,スウェディッシュケバブピザ,swedish-kebab-pizza,,W3,FULL,BLOCKED_PRODUCT_DECISION,EVIDENCE_OR_CONTENT_REVIEW_REQUIRED,NOT_COMPUTABLE_INCOMPLETE_IDENTITY_SET,,1,2,kebab-sauce|lettuce,,,,UNKNOWN,INCOMPLETE_IDENTITY_SET,,MULTI_SPREAD_LAYER,,unspecified,,False,BASE_SAUCE_UNSPECIFIED|UNRESOLVED_INGREDIENT,CANDIDATE_CAPABILITY,False,TBD,TBD,TBD,OWNER_DECISION_REQUIRED,OWNER_DECISION_REQUIRED
scacciata-ragusana-pizzadb-p4,スカッチャラグザーナ,scacciata-ragusana,,W5,NOT_REPRESENTABLE,READY,NEW_MECHANIC_REQUIRED,COMPUTED_FROM_COMPLETE_IDENTITY_SETS,3,2,1,caciocavallo,0.6667,salsiccia,0.5,LOW,,ENCLOSE,,,family_derived,tomato-sauce,True,,,False,TBD,TBD,TBD,OWNER_DECISION_REQUIRED,OWNER_DECISION_REQUIRED
spanish-chorizo-pizza-pizzadb-p4,スパニッシュチョリソピザ,spanish-chorizo-pizza,,W4,FULL,READY,RUNTIME_CONTRACT_CHANGE_REQUIRED,COMPUTED_FROM_COMPLETE_IDENTITY_SETS,4,3,1,bell-pepper,0.75,salsiccia,0.4,LOW,,,,SAUCELESS_RECIPE_CONTRACT,none,,True,,,False,TBD,TBD,TBD,OWNER_DECISION_REQUIRED,OWNER_DECISION_REQUIRED
spinach-artichoke-pizza-pizzadb-p4,スピナッチアーティチョークピザ,spinach-artichoke-pizza,,W4,FULL,READY,RUNTIME_CONTRACT_CHANGE_REQUIRED,COMPUTED_FROM_COMPLETE_IDENTITY_SETS,5,2,3,artichoke|cream-cheese|spinach,0.4,quattro-formaggi,0.25,LOW,,,,SAUCELESS_RECIPE_CONTRACT,none,,True,,,False,TBD,TBD,TBD,OWNER_DECISION_REQUIRED,OWNER_DECISION_REQUIRED
speck-e-brie-pizzadb-p4,スペックエブリー,speck-e-brie-pizzadb,,W3,FULL,BLOCKED_PRODUCT_DECISION,RUNTIME_CONTRACT_CHANGE_REQUIRED,COMPUTED_FROM_COMPLETE_IDENTITY_SETS,4,1,3,brie|prosciutto-crudo|walnut,0.25,salsiccia,0.1667,MEDIUM,CONTENT_REVIEW_OR_HIGH_SIMILARITY,,,SAUCELESS_RECIPE_CONTRACT,none,,True,COMPOSITION_CONFLICT_CANDIDATE,NAMING_CLUSTER,False,TBD,TBD,TBD,OWNER_DECISION_REQUIRED,OWNER_DECISION_REQUIRED
smore-dessert-pizza-pizzadb-p4,スモアデザートピザ,smore-dessert-pizza,,W4,PARTIAL,BLOCKED_PRODUCT_DECISION,NEW_MECHANIC_REQUIRED,NOT_COMPUTABLE_INCOMPLETE_IDENTITY_SET,,0,3,chocolate|graham-cracker|marshmallow,,,,UNKNOWN,INCOMPLETE_IDENTITY_SET,LATE_ADDITION,,,unspecified,,False,BASE_SAUCE_UNSPECIFIED,,False,TBD,TBD,TBD,OWNER_DECISION_REQUIRED,OWNER_DECISION_REQUIRED
st-louis-style-pizza-pizzadb-p4,セントルイススタイルピザ,st-louis-style-pizza,,W4,PARTIAL,BLOCKED_PRODUCT_DECISION,NEW_MECHANIC_REQUIRED,NOT_COMPUTABLE_INCOMPLETE_IDENTITY_SET,,1,0,,,,,UNKNOWN,INCOMPLETE_IDENTITY_SET,DOUGH_VARIANT,,,family_derived,tomato-sauce,False,UNRESOLVED_INGREDIENT,,False,TBD,TBD,TBD,OWNER_DECISION_REQUIRED,OWNER_DECISION_REQUIRED
thai-chicken-pizza-pizzadb-p4,タイチキンピザ,thai-chicken-pizza,,W3,FULL,BLOCKED_PRODUCT_DECISION,RUNTIME_CONTRACT_CHANGE_REQUIRED,NOT_COMPUTABLE_INCOMPLETE_IDENTITY_SET,,1,3,chicken|cilantro|peanut-sauce,,,,UNKNOWN,INCOMPLETE_IDENTITY_SET,,,UNSUPPORTED_SAUCE_ID_CONTRACT,listed,peanut-sauce,False,UNRESOLVED_INGREDIENT,,False,TBD,TBD,TBD,OWNER_DECISION_REQUIRED,OWNER_DECISION_REQUIRED
mentaiko-cream-pizza-pizzadb-p4,たらこクリームピザ,mentaiko-cream-pizza,,W4,PARTIAL,READY,NEW_MECHANIC_AND_RUNTIME_CONTRACT_REQUIRED,COMPUTED_FROM_COMPLETE_IDENTITY_SETS,5,1,4,cod-roe|fresh-cream-sauce|nori|shiso,0.2,salsiccia,0.1429,LOW,,LATE_ADDITION,,UNSUPPORTED_SAUCE_ID_CONTRACT,listed,fresh-cream-sauce,True,,,False,TBD,TBD,TBD,OWNER_DECISION_REQUIRED,OWNER_DECISION_REQUIRED
argentine-napolitana-pizzadb-p1,アルゼンチン風ナポリターナ,argentine-napolitana,,W4,PARTIAL,READY_WITH_REVIEW,NEW_MECHANIC_AND_RUNTIME_CONTRACT_REQUIRED,COMPUTED_FROM_COMPLETE_IDENTITY_SETS,5,4,1,fresh-tomato,0.8,marinara,0.3333,MEDIUM,CONTENT_REVIEW_OR_HIGH_SIMILARITY,DOUGH_VARIANT,,SAUCELESS_RECIPE_CONTRACT,none,,True,,NAMING_CLUSTER,False,TBD,TBD,TBD,OWNER_DECISION_REQUIRED,OWNER_DECISION_REQUIRED
ikura-salmon-pizza-pizzadb-p1,いくらとサーモンのピザ,ikura-salmon-pizza,,W4,FULL,READY,RUNTIME_CONTRACT_CHANGE_REQUIRED,COMPUTED_FROM_COMPLETE_IDENTITY_SETS,4,0,4,cream-cheese|salmon|salmon-roe|shiso,0.0,tonno-e-cipolla,0.0,LOW,,,,SAUCELESS_RECIPE_CONTRACT,none,,True,,,False,TBD,TBD,TBD,OWNER_DECISION_REQUIRED,OWNER_DECISION_REQUIRED
vegan-cashew-cheese-pizza-pizzadb-p1,ヴィーガンカシューチーズピザ,vegan-cashew-cheese-pizza,,W2,FULL,READY,NEW_INGREDIENT_DATA_ONLY,COMPUTED_FROM_COMPLETE_IDENTITY_SETS,4,1,3,bell-pepper|cashew-cheese|zucchini,0.25,salsiccia,0.1667,LOW,,,,,family_derived,tomato-sauce,True,,,False,TBD,TBD,TBD,OWNER_DECISION_REQUIRED,OWNER_DECISION_REQUIRED
eel-pizza-pizzadb-p1,うなぎピザ,eel-pizza,,W4,PARTIAL,BLOCKED_PRODUCT_DECISION,NEW_MECHANIC_REQUIRED,NOT_COMPUTABLE_INCOMPLETE_IDENTITY_SET,,1,3,eel|green-onion|sansho-pepper,,,,UNKNOWN,INCOMPLETE_IDENTITY_SET,LATE_ADDITION,,,unspecified,,False,BASE_SAUCE_UNSPECIFIED|MECHANIC_INTERPRETATION,,False,TBD,TBD,TBD,OWNER_DECISION_REQUIRED,OWNER_DECISION_REQUIRED
jerusalem-mixed-grill-pizza-pizzadb-p1,エルサレムミックスグリルピザ,jerusalem-mixed-grill-pizza,,W3,FULL,BLOCKED_PRODUCT_DECISION,EVIDENCE_OR_CONTENT_REVIEW_REQUIRED,NOT_COMPUTABLE_INCOMPLETE_IDENTITY_SET,,1,3,chicken|cumin|parsley,,,,UNKNOWN,INCOMPLETE_IDENTITY_SET,,,,unspecified,,False,BASE_SAUCE_UNSPECIFIED,,False,TBD,TBD,TBD,OWNER_DECISION_REQUIRED,OWNER_DECISION_REQUIRED
old-forge-style-pizza-pizzadb-p1,オールドフォージスタイルピザ,old-forge-style-pizza,,W5,NOT_REPRESENTABLE,BLOCKED_PRODUCT_DECISION,NEW_MECHANIC_REQUIRED,NOT_COMPUTABLE_INCOMPLETE_IDENTITY_SET,,1,0,,,,,UNKNOWN,INCOMPLETE_IDENTITY_SET,DOUGH_VARIANT|PAN_BAKE|DOUGH_SHAPE_TARGET,,,family_derived,tomato-sauce,False,UNRESOLVED_INGREDIENT,,False,TBD,TBD,TBD,OWNER_DECISION_REQUIRED,OWNER_DECISION_REQUIRED
okonomiyaki-style-pizza-pizzadb-p1,お好み焼き風ピザ,okonomiyaki-style-pizza,,W4,PARTIAL,BLOCKED_PRODUCT_DECISION,NEW_MECHANIC_AND_RUNTIME_CONTRACT_REQUIRED,NOT_COMPUTABLE_INCOMPLETE_IDENTITY_SET,,0,5,bonito-flakes|cabbage|mayo|okonomiyaki-sauce|pork,,,,UNKNOWN,INCOMPLETE_IDENTITY_SET,MULTI_SPREAD_LAYER,,UNSUPPORTED_SAUCE_ID_CONTRACT,listed,okonomiyaki-sauce,False,UNRESOLVED_INGREDIENT,,False,TBD,TBD,TBD,OWNER_DECISION_REQUIRED,OWNER_DECISION_REQUIRED
caponata-pizza-pizzadb-p2,カポナータピザ,caponata-pizza,,W3,FULL,BLOCKED_PRODUCT_DECISION,EVIDENCE_OR_CONTENT_REVIEW_REQUIRED,NOT_COMPUTABLE_INCOMPLETE_IDENTITY_SET,,2,2,capers|eggplant,,,,UNKNOWN,INCOMPLETE_IDENTITY_SET,,,,unspecified,,False,BASE_SAUCE_UNSPECIFIED,,False,TBD,TBD,TBD,OWNER_DECISION_REQUIRED,OWNER_DECISION_REQUIRED
california-style-pizza-pizzadb-p2,カリフォルニアスタイルピザ,california-style-pizza,,W4,FULL,READY,RUNTIME_CONTRACT_CHANGE_REQUIRED,COMPUTED_FROM_COMPLETE_IDENTITY_SETS,4,0,4,arugula|avocado|fresh-tomato|goat-cheese,0.0,tonno-e-cipolla,0.0,LOW,,,,SAUCELESS_RECIPE_CONTRACT,none,,True,,,False,TBD,TBD,TBD,OWNER_DECISION_REQUIRED,OWNER_DECISION_REQUIRED
cauliflower-crust-pizza-pizzadb-p2,カリフラワークラストピザ,cauliflower-crust-pizza,,W4,PARTIAL,READY_WITH_REVIEW,NEW_MECHANIC_REQUIRED,COMPUTED_FROM_COMPLETE_IDENTITY_SETS,3,3,0,,1.0,margherita,1.0,HIGH,DISCOVERY_IDENTITY_REVIEW|EXACT_PRODUCTION_INGREDIENT_SET|MATRIX_COLLISION_REF,DOUGH_VARIANT,,,family_derived,tomato-sauce,True,,SAME_INGREDIENT_SET_AS_CATALOG_RECIPE,False,TBD,TBD,TBD,OWNER_DECISION_REQUIRED,OWNER_DECISION_REQUIRED
curry-pizza-japan-pizzadb-p2,カレーピザ,curry-pizza-japan,,W3,FULL,BLOCKED_PRODUCT_DECISION,EVIDENCE_OR_CONTENT_REVIEW_REQUIRED,NOT_COMPUTABLE_INCOMPLETE_IDENTITY_SET,,2,1,chicken,,,,UNKNOWN,INCOMPLETE_IDENTITY_SET,,,,listed_unresolved,,False,UNRESOLVED_INGREDIENT,,False,TBD,TBD,TBD,OWNER_DECISION_REQUIRED,OWNER_DECISION_REQUIRED
keema-pizza-pizzadb-p2,キーマピザ,keema-pizza,,W3,FULL,BLOCKED_PRODUCT_DECISION,EVIDENCE_OR_CONTENT_REVIEW_REQUIRED,NOT_COMPUTABLE_INCOMPLETE_IDENTITY_SET,,2,0,,,,,UNKNOWN,INCOMPLETE_IDENTITY_SET,,,,unspecified,,False,BASE_SAUCE_UNSPECIFIED|UNRESOLVED_INGREDIENT|UNRESOLVED_INGREDIENT,,False,TBD,TBD,TBD,OWNER_DECISION_REQUIRED,OWNER_DECISION_REQUIRED
kimchi-pizza-pizzadb-p2,キムチピザ,kimchi-pizza,,W4,PARTIAL,BLOCKED_PRODUCT_DECISION,NEW_MECHANIC_REQUIRED,NOT_COMPUTABLE_INCOMPLETE_IDENTITY_SET,,1,3,green-onion|kimchi|pork,,,,UNKNOWN,INCOMPLETE_IDENTITY_SET,PREP_STEP,,,unspecified,,False,BASE_SAUCE_UNSPECIFIED,,False,TBD,TBD,TBD,OWNER_DECISION_REQUIRED,OWNER_DECISION_REQUIRED
cuban-pizza-pizzadb-p2,キューバンピザ,cuban-pizza,,W4,FULL,READY,RUNTIME_CONTRACT_CHANGE_REQUIRED,COMPUTED_FROM_COMPLETE_IDENTITY_SETS,5,1,4,mustard|pickles|pork|swiss-cheese,0.2,meat-lovers,0.1,LOW,,,,UNSUPPORTED_SAUCE_ID_CONTRACT,listed,mustard,True,,,False,TBD,TBD,TBD,OWNER_DECISION_REQUIRED,OWNER_DECISION_REQUIRED
quad-cities-style-pizza-pizzadb-p2,クアッドシティーズスタイルピザ,quad-cities-style-pizza,,W4,PARTIAL,BLOCKED_PRODUCT_DECISION,NEW_MECHANIC_REQUIRED,NOT_COMPUTABLE_INCOMPLETE_IDENTITY_SET,,1,0,,,,,UNKNOWN,INCOMPLETE_IDENTITY_SET,DOUGH_VARIANT,,,family_derived,tomato-sauce,False,UNRESOLVED_INGREDIENT,,False,TBD,TBD,TBD,OWNER_DECISION_REQUIRED,OWNER_DECISION_REQUIRED
goulash-pizza-pizzadb-p3,グヤーシュピザ,goulash-pizza,,W3,FULL,BLOCKED_PRODUCT_DECISION,EVIDENCE_OR_CONTENT_REVIEW_REQUIRED,NOT_COMPUTABLE_INCOMPLETE_IDENTITY_SET,,1,3,beef|paprika-powder|sour-cream,,,,UNKNOWN,INCOMPLETE_IDENTITY_SET,,,,unspecified,,False,BASE_SAUCE_UNSPECIFIED,,False,TBD,TBD,TBD,OWNER_DECISION_REQUIRED,OWNER_DECISION_REQUIRED
colorado-mountain-pie-pizzadb-p3,コロラドマウンテンパイ,colorado-mountain-pie,,W4,PARTIAL,BLOCKED_PRODUCT_DECISION,NEW_MECHANIC_REQUIRED,NOT_COMPUTABLE_INCOMPLETE_IDENTITY_SET,,1,0,,,,,UNKNOWN,INCOMPLETE_IDENTITY_SET,DOUGH_VARIANT,,,family_derived,tomato-sauce,False,EVIDENCE_GAP,,False,TBD,TBD,TBD,OWNER_DECISION_REQUIRED,OWNER_DECISION_REQUIRED
salsiccia-e-friarielli-pizzadb-p3,サルシッチャエフリアリエッリ,salsiccia-e-friarielli,,W4,FULL,READY,RUNTIME_CONTRACT_CHANGE_REQUIRED,COMPUTED_FROM_COMPLETE_IDENTITY_SETS,3,2,1,friarielli,0.6667,salsiccia,0.5,LOW,,,,SAUCELESS_RECIPE_CONTRACT,none,,True,,,False,TBD,TBD,TBD,OWNER_DECISION_REQUIRED,OWNER_DECISION_REQUIRED
chicago-stuffed-pizza-pizzadb-p3,シカゴスタッフドピザ,chicago-stuffed-pizza,,W5,NOT_REPRESENTABLE,READY_WITH_REVIEW,NEW_MECHANIC_REQUIRED,COMPUTED_FROM_COMPLETE_IDENTITY_SETS,3,3,0,,1.0,salsiccia,1.0,HIGH,DISCOVERY_IDENTITY_REVIEW|EXACT_PRODUCTION_INGREDIENT_SET,DOUGH_VARIANT|ENCLOSE,,,family_derived,tomato-sauce,True,,NAMING_CLUSTER|SAME_INGREDIENT_SET_AS_CATALOG_RECIPE,False,TBD,TBD,TBD,OWNER_DECISION_REQUIRED,OWNER_DECISION_REQUIRED
potato-mayo-pizza-pizzadb-p3,じゃがマヨピザ,potato-mayo-pizza,,W3,FULL,BLOCKED_PRODUCT_DECISION,EVIDENCE_OR_CONTENT_REVIEW_REQUIRED,NOT_COMPUTABLE_INCOMPLETE_IDENTITY_SET,,2,3,corn|mayo|potato,,,,UNKNOWN,INCOMPLETE_IDENTITY_SET,,MULTI_SPREAD_LAYER,,unspecified,,False,BASE_SAUCE_UNSPECIFIED,CANDIDATE_CAPABILITY,False,TBD,TBD,TBD,OWNER_DECISION_REQUIRED,OWNER_DECISION_REQUIRED
jamaican-jerk-chicken-pizza-pizzadb-p3,ジャマイカンジャークチキンピザ,jamaican-jerk-chicken-pizza,,W3,FULL,BLOCKED_PRODUCT_DECISION,EVIDENCE_OR_CONTENT_REVIEW_REQUIRED,NOT_COMPUTABLE_INCOMPLETE_IDENTITY_SET,,1,3,chicken|green-pepper|pineapple,,,,UNKNOWN,INCOMPLETE_IDENTITY_SET,,,,unspecified,,False,BASE_SAUCE_UNSPECIFIED,,False,TBD,TBD,TBD,OWNER_DECISION_REQUIRED,OWNER_DECISION_REQUIRED
shirasu-pizza-pizzadb-p3,しらすピザ,shirasu-pizza,,W4,FULL,READY,RUNTIME_CONTRACT_CHANGE_REQUIRED,COMPUTED_FROM_COMPLETE_IDENTITY_SETS,4,1,3,lemon|shiso|whitebait,0.25,salsiccia,0.1667,LOW,,,,SAUCELESS_RECIPE_CONTRACT,none,,True,,,False,TBD,TBD,TBD,OWNER_DECISION_REQUIRED,OWNER_DECISION_REQUIRED
tandoori-paneer-pizza-pizzadb-p5,タンドリーパニールピザ,tandoori-paneer-pizza,,W3,FULL,BLOCKED_PRODUCT_DECISION,EVIDENCE_OR_CONTENT_REVIEW_REQUIRED,NOT_COMPUTABLE_INCOMPLETE_IDENTITY_SET,,2,2,green-pepper|paneer,,,,UNKNOWN,INCOMPLETE_IDENTITY_SET,,,,unspecified,,False,BASE_SAUCE_UNSPECIFIED,,False,TBD,TBD,TBD,OWNER_DECISION_REQUIRED,OWNER_DECISION_REQUIRED
chicken-tikka-pizza-pizzadb-p5,チキンティッカピザ,chicken-tikka-pizza,,W3,FULL,BLOCKED_PRODUCT_DECISION,EVIDENCE_OR_CONTENT_REVIEW_REQUIRED,NOT_COMPUTABLE_INCOMPLETE_IDENTITY_SET,,2,3,bell-pepper|chicken-tikka|cilantro,,,,UNKNOWN,INCOMPLETE_IDENTITY_SET,,,,unspecified,,False,BASE_SAUCE_UNSPECIFIED,PREPARED_COMPOSITE_INGREDIENT,False,TBD,TBD,TBD,OWNER_DECISION_REQUIRED,OWNER_DECISION_REQUIRED
diavola-pizza-pizzadb-p5,ディアボラ,diavola-pizza,,W3,FULL,BLOCKED_PRODUCT_DECISION,EVIDENCE_OR_CONTENT_REVIEW_REQUIRED,NOT_COMPUTABLE_INCOMPLETE_IDENTITY_SET,,1,1,spicy-salami,,,,UNKNOWN,INCOMPLETE_IDENTITY_SET,,,,family_derived,tomato-sauce,False,COMPOSITION_CONFLICT_CANDIDATE|UNRESOLVED_INGREDIENT,,False,TBD,TBD,TBD,OWNER_DECISION_REQUIRED,OWNER_DECISION_REQUIRED
detroit-style-pizza-pizzadb-p5,デトロイトスタイルピザ,detroit-style-pizza,,W5,NOT_REPRESENTABLE,BLOCKED_PRODUCT_DECISION,NEW_MECHANIC_REQUIRED,COMPUTED_FROM_COMPLETE_IDENTITY_SETS,3,2,1,brick-cheese,0.6667,pepperoni,0.5,LOW,,DOUGH_VARIANT|LATE_ADDITION|PAN_BAKE|DOUGH_SHAPE_TARGET,,,family_derived,tomato-sauce,True,COMPOSITION_CONFLICT_CANDIDATE,,False,TBD,TBD,TBD,OWNER_DECISION_REQUIRED,OWNER_DECISION_REQUIRED
turkish-pide-pizzadb-p5,トルコピデ,turkish-pide,,W5,NOT_REPRESENTABLE,BLOCKED_PRODUCT_DECISION,NEW_MECHANIC_REQUIRED,NOT_COMPUTABLE_INCOMPLETE_IDENTITY_SET,,0,2,fresh-tomato|parsley,,,,UNKNOWN,INCOMPLETE_IDENTITY_SET,DOUGH_VARIANT|DOUGH_SHAPE_TARGET,,,family_derived,tomato-sauce,False,UNRESOLVED_INGREDIENT|UNRESOLVED_INGREDIENT,,False,TBD,TBD,TBD,OWNER_DECISION_REQUIRED,OWNER_DECISION_REQUIRED
nigerian-suya-pizza-pizzadb-p5,ナイジェリアンスヤピザ,nigerian-suya-pizza,,W3,FULL,BLOCKED_PRODUCT_DECISION,EVIDENCE_OR_CONTENT_REVIEW_REQUIRED,NOT_COMPUTABLE_INCOMPLETE_IDENTITY_SET,,2,2,beef|green-pepper,,,,UNKNOWN,INCOMPLETE_IDENTITY_SET,,,,unspecified,,False,BASE_SAUCE_UNSPECIFIED,,False,TBD,TBD,TBD,OWNER_DECISION_REQUIRED,OWNER_DECISION_REQUIRED
eggplant-tahini-pizza-pizzadb-p5,ナスとタヒニのピザ,eggplant-tahini-pizza,,W4,FULL,READY,RUNTIME_CONTRACT_CHANGE_REQUIRED,COMPUTED_FROM_COMPLETE_IDENTITY_SETS,4,0,4,eggplant|parsley|pomegranate|tahini,0.0,tonno-e-cipolla,0.0,LOW,,,,UNSUPPORTED_SAUCE_ID_CONTRACT,listed,tahini,True,,,False,TBD,TBD,TBD,OWNER_DECISION_REQUIRED,OWNER_DECISION_REQUIRED
eggplant-ricotta-pizza-pizzadb-p5,ナスとリコッタのピザ,eggplant-ricotta-pizza,,W4,FULL,READY,RUNTIME_CONTRACT_CHANGE_REQUIRED,COMPUTED_FROM_COMPLETE_IDENTITY_SETS,4,1,3,eggplant|mint|ricotta,0.25,pizza-bianca,0.2,LOW,,,,SAUCELESS_RECIPE_CONTRACT,none,,True,,,False,TBD,TBD,TBD,OWNER_DECISION_REQUIRED,OWNER_DECISION_REQUIRED
eggplant-dengaku-pizza-pizzadb-p6,ナス田楽ピザ,eggplant-dengaku-pizza,,W4,FULL,READY,RUNTIME_CONTRACT_CHANGE_REQUIRED,COMPUTED_FROM_COMPLETE_IDENTITY_SETS,4,1,3,eggplant|miso-sauce|white-sesame,0.25,salsiccia,0.1667,LOW,,,,UNSUPPORTED_SAUCE_ID_CONTRACT,listed,miso-sauce,True,,,False,TBD,TBD,TBD,OWNER_DECISION_REQUIRED,OWNER_DECISION_REQUIRED
nashville-hot-chicken-pizza-pizzadb-p6,ナッシュビルホットチキンピザ,nashville-hot-chicken-pizza,,W3,FULL,BLOCKED_PRODUCT_DECISION,EVIDENCE_OR_CONTENT_REVIEW_REQUIRED,NOT_COMPUTABLE_INCOMPLETE_IDENTITY_SET,,1,3,chicken|honey|pickles,,,,UNKNOWN,INCOMPLETE_IDENTITY_SET,,MULTI_SPREAD_LAYER,,unspecified,,False,BASE_SAUCE_UNSPECIFIED,CANDIDATE_CAPABILITY,False,TBD,TBD,TBD,OWNER_DECISION_REQUIRED,OWNER_DECISION_REQUIRED
new-england-bar-pizza-pizzadb-p6,ニューイングランドバーピザ,new-england-bar-pizza,,W5,NOT_REPRESENTABLE,READY_WITH_REVIEW,NEW_MECHANIC_REQUIRED,COMPUTED_FROM_COMPLETE_IDENTITY_SETS,3,3,0,,1.0,pepperoni,1.0,HIGH,DISCOVERY_IDENTITY_REVIEW|EXACT_PRODUCTION_INGREDIENT_SET|MATRIX_COLLISION_REF,DOUGH_VARIANT|PAN_BAKE,,,family_derived,tomato-sauce,True,,SAME_INGREDIENT_SET_AS_CATALOG_RECIPE,False,TBD,TBD,TBD,OWNER_DECISION_REQUIRED,OWNER_DECISION_REQUIRED
new-zealand-lamb-pizza-pizzadb-p6,ニュージーランドラムピザ,new-zealand-lamb-pizza,,W4,FULL,READY,RUNTIME_CONTRACT_CHANGE_REQUIRED,COMPUTED_FROM_COMPLETE_IDENTITY_SETS,4,2,2,lamb|sweet-potato,0.5,pizza-bianca,0.2,LOW,,,,SAUCELESS_RECIPE_CONTRACT,none,,True,,,False,TBD,TBD,TBD,OWNER_DECISION_REQUIRED,OWNER_DECISION_REQUIRED
nutella-dessert-pizza-pizzadb-p6,ヌテラデザートピザ,nutella-dessert-pizza,,W4,PARTIAL,BLOCKED_PRODUCT_DECISION,NEW_MECHANIC_AND_RUNTIME_CONTRACT_REQUIRED,NOT_COMPUTABLE_INCOMPLETE_IDENTITY_SET,,0,3,banana|nutella-spread|powdered-sugar,,,,UNKNOWN,INCOMPLETE_IDENTITY_SET,LATE_ADDITION,,UNSUPPORTED_SAUCE_ID_CONTRACT,listed,nutella-spread,False,COMPOSITION_CONFLICT_CANDIDATE|UNRESOLVED_INGREDIENT,,False,TBD,TBD,TBD,OWNER_DECISION_REQUIRED,OWNER_DECISION_REQUIRED
baingan-bharta-pizza-pizzadb-p6,バインガンバルタピザ,baingan-bharta-pizza,,W3,FULL,BLOCKED_PRODUCT_DECISION,EVIDENCE_OR_CONTENT_REVIEW_REQUIRED,NOT_COMPUTABLE_INCOMPLETE_IDENTITY_SET,,2,3,cilantro|eggplant|fresh-tomato,,,,UNKNOWN,INCOMPLETE_IDENTITY_SET,,,,unspecified,,False,BASE_SAUCE_UNSPECIFIED,,False,TBD,TBD,TBD,OWNER_DECISION_REQUIRED,OWNER_DECISION_REQUIRED
banh-mi-pizza-pizzadb-p6,バインミーピザ,banh-mi-pizza,,W3,FULL,BLOCKED_PRODUCT_DECISION,EVIDENCE_OR_CONTENT_REVIEW_REQUIRED,NOT_COMPUTABLE_INCOMPLETE_IDENTITY_SET,,2,4,carrot|cilantro|daikon|liver-pate,,,,UNKNOWN,INCOMPLETE_IDENTITY_SET,,,,unspecified,,False,BASE_SAUCE_UNSPECIFIED,,False,TBD,TBD,TBD,OWNER_DECISION_REQUIRED,OWNER_DECISION_REQUIRED
buffalo-cauliflower-pizza-pizzadb-p6,バッファローカリフラワーピザ,buffalo-cauliflower-pizza,,W3,FULL,BLOCKED_PRODUCT_DECISION,EVIDENCE_OR_CONTENT_REVIEW_REQUIRED,NOT_COMPUTABLE_INCOMPLETE_IDENTITY_SET,,1,2,blue-cheese-dressing|cauliflower,,,,UNKNOWN,INCOMPLETE_IDENTITY_SET,,MULTI_SPREAD_LAYER,,unspecified,,False,BASE_SAUCE_UNSPECIFIED,CANDIDATE_CAPABILITY,False,TBD,TBD,TBD,OWNER_DECISION_REQUIRED,OWNER_DECISION_REQUIRED
baba-ganoush-pizza-pizzadb-p7,ババガヌーシュピザ,baba-ganoush-pizza,,W2,FULL,READY,NEW_INGREDIENT_DATA_ONLY,COMPUTED_FROM_COMPLETE_IDENTITY_SETS,4,1,3,eggplant|parsley|pine-nuts,0.25,pizza-bianca,0.2,LOW,,,,,listed,olive-oil,True,,,False,TBD,TBD,TBD,OWNER_DECISION_REQUIRED,OWNER_DECISION_REQUIRED
jamon-serrano-pizza-pizzadb-p7,ハモンセラーノピザ,jamon-serrano-pizza,,W2,FULL,READY,NEW_INGREDIENT_DATA_ONLY,COMPUTED_FROM_COMPLETE_IDENTITY_SETS,4,2,2,arugula|prosciutto-crudo,0.5,salsiccia,0.4,HIGH,MATRIX_COLLISION_REF,,,,family_derived,tomato-sauce,True,,,False,TBD,TBD,TBD,OWNER_DECISION_REQUIRED,OWNER_DECISION_REQUIRED
jalapeno-popper-pizza-pizzadb-p7,ハラペーニョポッパーピザ,jalapeno-popper-pizza,,W4,FULL,READY,RUNTIME_CONTRACT_CHANGE_REQUIRED,COMPUTED_FROM_COMPLETE_IDENTITY_SETS,4,2,2,cream-cheese|jalapeno,0.5,breakfast-pizza,0.3333,LOW,,,,SAUCELESS_RECIPE_CONTRACT,none,,True,,,False,TBD,TBD,TBD,OWNER_DECISION_REQUIRED,OWNER_DECISION_REQUIRED
palmitos-salsa-golf-pizzadb-p7,パルミートス・イ・サルサ・ゴルフ,palmitos-salsa-golf,,W4,PARTIAL,BLOCKED_PRODUCT_DECISION,NEW_MECHANIC_REQUIRED,NOT_COMPUTABLE_INCOMPLETE_IDENTITY_SET,,3,1,palm-heart,,,,UNKNOWN,INCOMPLETE_IDENTITY_SET,DOUGH_VARIANT,,,unspecified,,False,BASE_SAUCE_UNSPECIFIED,,False,TBD,TBD,TBD,OWNER_DECISION_REQUIRED,OWNER_DECISION_REQUIRED
parmigiana-pizza-pizzadb-p7,パルミジャーナピザ,parmigiana-pizza,,W1,FULL,READY,NEW_INGREDIENT_DATA_ONLY,COMPUTED_FROM_COMPLETE_IDENTITY_SETS,5,4,1,eggplant,0.8,margherita,0.6,LOW,,,,,family_derived,tomato-sauce,True,,,False,TBD,TBD,TBD,OWNER_DECISION_REQUIRED,OWNER_DECISION_REQUIRED
palmito-pizza-pizzadb-p7,パルミットピザ,palmito-pizza,,W4,FULL,READY,RUNTIME_CONTRACT_CHANGE_REQUIRED,COMPUTED_FROM_COMPLETE_IDENTITY_SETS,3,2,1,palm-heart,0.6667,capricciosa,0.2857,LOW,,,,SAUCELESS_RECIPE_CONTRACT,none,,True,,,False,TBD,TBD,TBD,OWNER_DECISION_REQUIRED,OWNER_DECISION_REQUIRED
bambino-pizzadb-p7,バンビーノ,bambino,,W1,FULL,READY,NEW_INGREDIENT_DATA_ONLY,COMPUTED_FROM_COMPLETE_IDENTITY_SETS,4,3,1,corn,0.75,meat-lovers,0.4286,LOW,,,,,family_derived,tomato-sauce,True,,,False,TBD,TBD,TBD,OWNER_DECISION_REQUIRED,OWNER_DECISION_REQUIRED
piadina-romagnola-pizzadb-p7,ピアディーナ・ロマニョーラ,piadina-romagnola,,W4,PARTIAL,READY,NEW_MECHANIC_AND_RUNTIME_CONTRACT_REQUIRED,COMPUTED_FROM_COMPLETE_IDENTITY_SETS,3,0,3,arugula|cream-cheese|prosciutto-crudo,0.0,tonno-e-cipolla,0.0,LOW,,DOUGH_VARIANT,,SAUCELESS_RECIPE_CONTRACT,none,,True,,,False,TBD,TBD,TBD,OWNER_DECISION_REQUIRED,OWNER_DECISION_REQUIRED
pizza-overload-pizzadb-p7,ピザオーバーロード,pizza-overload,,W3,FULL,READY_WITH_REVIEW,EVIDENCE_OR_CONTENT_REVIEW_REQUIRED,COMPUTED_FROM_COMPLETE_IDENTITY_SETS,6,4,2,hot-dog|pineapple,0.6667,meat-lovers,0.5,MEDIUM,CONTENT_REVIEW_OR_HIGH_SIMILARITY,,,,family_derived,tomato-sauce,True,,PREPARED_COMPOSITE_INGREDIENT,False,TBD,TBD,TBD,OWNER_DECISION_REQUIRED,OWNER_DECISION_REQUIRED
pizza-salad-pizzadb-p7,ピザサラダ,pizza-salad,,W4,PARTIAL,READY,NEW_MECHANIC_REQUIRED,COMPUTED_FROM_COMPLETE_IDENTITY_SETS,6,2,4,corn|cucumber|lettuce|yogurt-sauce,0.3333,salsiccia,0.2857,LOW,,MULTI_SPREAD_LAYER,,,family_derived,tomato-sauce,True,,,False,TBD,TBD,TBD,OWNER_DECISION_REQUIRED,OWNER_DECISION_REQUIRED
bismarck-pizza-pizzadb-p7,ビスマルク,bismarck-pizza,bismarck,W0_CORRESPONDENCE,FULL,BLOCKED_PRODUCT_DECISION,EVIDENCE_OR_CONTENT_REVIEW_REQUIRED,COMPUTED_FROM_COMPLETE_IDENTITY_SETS,5,5,0,,1.0,funghi,0.6,MEDIUM,CONTENT_REVIEW_OR_HIGH_SIMILARITY,,ZONED_PLACEMENT,,family_derived,tomato-sauce,True,COMPOSITION_CONFLICT_SHIPPED,CANDIDATE_CAPABILITY,False,TBD,TBD,TBD,OWNER_DECISION_REQUIRED,OWNER_DECISION_REQUIRED
pizza-alla-crudaiola-pizzadb-p8,ピッツァ・アッラ・クルダイオーラ,pizza-alla-crudaiola,,W4,PARTIAL,READY,NEW_MECHANIC_REQUIRED,COMPUTED_FROM_COMPLETE_IDENTITY_SETS,6,3,3,arugula|burrata|fresh-tomato,0.5,salsiccia,0.2857,LOW,,MULTI_SPREAD_LAYER,,,family_derived,tomato-sauce,True,,,False,TBD,TBD,TBD,OWNER_DECISION_REQUIRED,OWNER_DECISION_REQUIRED
pizza-asparagi-limone-pizzadb-p8,ピッツァ・コン・アスパラージ・クルーディ・エ・リモーネ,pizza-asparagi-limone,,W4,PARTIAL,BLOCKED_PRODUCT_DECISION,RUNTIME_CONTRACT_CHANGE_REQUIRED,COMPUTED_FROM_COMPLETE_IDENTITY_SETS,5,3,2,asparagus|lemon,0.6,quattro-formaggi,0.4286,LOW,,,LATE_ADDITION,SAUCELESS_RECIPE_CONTRACT,none,,True,MECHANIC_INTERPRETATION,,False,TBD,TBD,TBD,OWNER_DECISION_REQUIRED,OWNER_DECISION_REQUIRED
pizza-carciofi-salad-pizzadb-p8,ピッツァ・コン・インサラータ・ディ・カルチョーフィ,pizza-carciofi-salad,,W4,PARTIAL,BLOCKED_PRODUCT_DECISION,NEW_MECHANIC_AND_RUNTIME_CONTRACT_REQUIRED,COMPUTED_FROM_COMPLETE_IDENTITY_SETS,6,3,3,artichoke|celery|lemon,0.5,quattro-formaggi,0.375,LOW,,DOUGH_VARIANT,LATE_ADDITION,SAUCELESS_RECIPE_CONTRACT,none,,True,MECHANIC_INTERPRETATION,,False,TBD,TBD,TBD,OWNER_DECISION_REQUIRED,OWNER_DECISION_REQUIRED
pizza-finocchi-salad-pizzadb-p8,ピッツァ・コン・インサラータ・ディ・フィノッキ,pizza-finocchi-salad,,W4,PARTIAL,BLOCKED_PRODUCT_DECISION,RUNTIME_CONTRACT_CHANGE_REQUIRED,COMPUTED_FROM_COMPLETE_IDENTITY_SETS,6,3,3,fennel|mint|orange,0.5,quattro-formaggi,0.2222,LOW,,,LATE_ADDITION,SAUCELESS_RECIPE_CONTRACT,none,,True,MECHANIC_INTERPRETATION,,False,TBD,TBD,TBD,OWNER_DECISION_REQUIRED,OWNER_DECISION_REQUIRED
pizza-cavolo-carote-pizzadb-p8,ピッツァ・コン・カーヴォロ・ロッソ・エ・カローテ,pizza-cavolo-carote,,W4,PARTIAL,BLOCKED_PRODUCT_DECISION,RUNTIME_CONTRACT_CHANGE_REQUIRED,COMPUTED_FROM_COMPLETE_IDENTITY_SETS,6,2,4,carrot|lemon|red-cabbage|sunflower-seeds,0.3333,quattro-formaggi,0.2222,LOW,,,LATE_ADDITION,SAUCELESS_RECIPE_CONTRACT,none,,True,MECHANIC_INTERPRETATION,,False,TBD,TBD,TBD,OWNER_DECISION_REQUIRED,OWNER_DECISION_REQUIRED
pizza-zucchine-menta-pizzadb-p8,ピッツァ・コン・ズッキーネ・クルーデ・エ・メンタ,pizza-zucchine-menta,,W4,PARTIAL,BLOCKED_PRODUCT_DECISION,RUNTIME_CONTRACT_CHANGE_REQUIRED,COMPUTED_FROM_COMPLETE_IDENTITY_SETS,6,2,4,lemon|mint|ricotta|zucchini,0.3333,quattro-formaggi,0.2222,LOW,,,LATE_ADDITION,SAUCELESS_RECIPE_CONTRACT,none,,True,MECHANIC_INTERPRETATION,,False,TBD,TBD,TBD,OWNER_DECISION_REQUIRED,OWNER_DECISION_REQUIRED
pizza-cicoria-limone-pizzadb-p8,ピッツァ・コン・チコリア・エ・リモーネ,pizza-cicoria-limone,,W4,PARTIAL,BLOCKED_PRODUCT_DECISION,NEW_MECHANIC_AND_RUNTIME_CONTRACT_REQUIRED,NOT_COMPUTABLE_INCOMPLETE_IDENTITY_SET,,2,3,chicory|lemon|pecorino,,,,UNKNOWN,INCOMPLETE_IDENTITY_SET,DOUGH_VARIANT,LATE_ADDITION,SAUCELESS_RECIPE_CONTRACT,none,,False,MECHANIC_INTERPRETATION|UNRESOLVED_INGREDIENT,,False,TBD,TBD,TBD,OWNER_DECISION_REQUIRED,OWNER_DECISION_REQUIRED
pizza-puntarelle-pizzadb-p8,ピッツァ・コン・プンタレッレ,pizza-puntarelle,,W4,PARTIAL,BLOCKED_PRODUCT_DECISION,NEW_MECHANIC_AND_RUNTIME_CONTRACT_REQUIRED,COMPUTED_FROM_COMPLETE_IDENTITY_SETS,5,3,2,lemon|puntarelle,0.6,napoletana,0.2857,LOW,,DOUGH_VARIANT,LATE_ADDITION,SAUCELESS_RECIPE_CONTRACT,none,,True,MECHANIC_INTERPRETATION,,False,TBD,TBD,TBD,OWNER_DECISION_REQUIRED,OWNER_DECISION_REQUIRED
pizza-radicchio-noci-pizzadb-p8,ピッツァ・コン・ラディッキオ・クルード・エ・ノーチ,pizza-radicchio-noci,,W4,PARTIAL,BLOCKED_PRODUCT_DECISION,NEW_MECHANIC_AND_RUNTIME_CONTRACT_REQUIRED,COMPUTED_FROM_COMPLETE_IDENTITY_SETS,5,2,3,balsamic-vinegar|radicchio|walnut,0.4,quattro-formaggi,0.25,LOW,,MULTI_SPREAD_LAYER,LATE_ADDITION,SAUCELESS_RECIPE_CONTRACT,none,,True,MECHANIC_INTERPRETATION,,False,TBD,TBD,TBD,OWNER_DECISION_REQUIRED,OWNER_DECISION_REQUIRED
pizza-chilena-pizzadb-p8,ピッツァ・チレーナ,pizza-chilena,,W3,FULL,BLOCKED_PRODUCT_DECISION,EVIDENCE_OR_CONTENT_REVIEW_REQUIRED,NOT_COMPUTABLE_INCOMPLETE_IDENTITY_SET,,4,0,,,,,UNKNOWN,INCOMPLETE_IDENTITY_SET,,,,family_derived,tomato-sauce,False,UNRESOLVED_INGREDIENT,,False,TBD,TBD,TBD,OWNER_DECISION_REQUIRED,OWNER_DECISION_REQUIRED
pizza-portuguesa-pizzadb-p9,ピッツァ・ポルトゲーザ,pizza-portuguesa,,W1,FULL,READY,RECIPE_DATA_ONLY,COMPUTED_FROM_COMPLETE_IDENTITY_SETS,6,6,0,,1.0,capricciosa,0.5,LOW,,,,,family_derived,tomato-sauce,True,,,False,TBD,TBD,TBD,OWNER_DECISION_REQUIRED,OWNER_DECISION_REQUIRED
pizza-romana-pizzadb-p9,ピッツァ・ロマーナ,pizza-romana,,W4,PARTIAL,BLOCKED_PRODUCT_DECISION,NEW_MECHANIC_REQUIRED,COMPUTED_FROM_COMPLETE_IDENTITY_SETS,5,4,1,capers,0.8,napoletana,0.8,MEDIUM,CONTENT_REVIEW_OR_HIGH_SIMILARITY,DOUGH_VARIANT,,,family_derived,tomato-sauce,True,COMPOSITION_CONFLICT_CANDIDATE,,False,TBD,TBD,TBD,OWNER_DECISION_REQUIRED,OWNER_DECISION_REQUIRED
pizza-alla-norma-pizzadb-p9,ピッツァアッラノルマ,pizza-alla-norma,,W3,FULL,BLOCKED_PRODUCT_DECISION,EVIDENCE_OR_CONTENT_REVIEW_REQUIRED,COMPUTED_FROM_COMPLETE_IDENTITY_SETS,4,2,2,eggplant|ricotta-salata,0.5,margherita,0.4,LOW,,,,,family_derived,tomato-sauce,True,COMPOSITION_CONFLICT_CANDIDATE,,False,TBD,TBD,TBD,OWNER_DECISION_REQUIRED,OWNER_DECISION_REQUIRED
pizza-al-taglio-romana-pizzadb-p9,ピッツァアルタリオローマーナ,pizza-al-taglio-romana,,W5,NOT_REPRESENTABLE,READY_WITH_REVIEW,NEW_MECHANIC_REQUIRED,COMPUTED_FROM_COMPLETE_IDENTITY_SETS,3,3,0,,1.0,margherita,1.0,HIGH,DISCOVERY_IDENTITY_REVIEW|EXACT_PRODUCTION_INGREDIENT_SET|MATRIX_COLLISION_REF,DOUGH_VARIANT|PAN_BAKE|DOUGH_SHAPE_TARGET,,,family_derived,tomato-sauce,True,,SAME_INGREDIENT_SET_AS_CATALOG_RECIPE,False,TBD,TBD,TBD,OWNER_DECISION_REQUIRED,OWNER_DECISION_REQUIRED
pizza-feta-eliniki-pizzadb-p9,ピッツァフェッタエッリニキ,pizza-feta-eliniki,,W4,FULL,READY,RUNTIME_CONTRACT_CHANGE_REQUIRED,COMPUTED_FROM_COMPLETE_IDENTITY_SETS,5,3,2,feta|fresh-tomato,0.6,fugazza,0.3333,LOW,,,,SAUCELESS_RECIPE_CONTRACT,none,,True,,,False,TBD,TBD,TBD,OWNER_DECISION_REQUIRED,OWNER_DECISION_REQUIRED
pizza-fritta-pizzadb-p9,ピッツァフリッタ,pizza-fritta,,W5,NOT_REPRESENTABLE,READY,NEW_MECHANIC_REQUIRED,COMPUTED_FROM_COMPLETE_IDENTITY_SETS,4,2,2,pork|ricotta,0.5,salsiccia,0.4,LOW,,FRY_COOK,,,family_derived,tomato-sauce,True,,,False,TBD,TBD,TBD,OWNER_DECISION_REQUIRED,OWNER_DECISION_REQUIRED
pizza-moscow-pizzadb-p9,ピッツァモスクワ,pizza-moscow,,W4,FULL,READY,RUNTIME_CONTRACT_CHANGE_REQUIRED,COMPUTED_FROM_COMPLETE_IDENTITY_SETS,5,3,2,salmon|sardine,0.6,tonno-e-cipolla,0.5,LOW,,,,SAUCELESS_RECIPE_CONTRACT,none,,True,,,False,TBD,TBD,TBD,OWNER_DECISION_REQUIRED,OWNER_DECISION_REQUIRED
pinsa-romana-pizzadb-p9,ピンサロマーナ,pinsa-romana,,W4,PARTIAL,READY,NEW_MECHANIC_REQUIRED,COMPUTED_FROM_COMPLETE_IDENTITY_SETS,4,2,2,arugula|prosciutto-crudo,0.5,salsiccia,0.4,HIGH,MATRIX_COLLISION_REF,DOUGH_VARIANT,,,family_derived,tomato-sauce,True,,,False,TBD,TBD,TBD,OWNER_DECISION_REQUIRED,OWNER_DECISION_REQUIRED
fathead-pizza-keto-pizzadb-p9,ファットヘッドピザ（ケト風）,fathead-pizza-keto,,W4,PARTIAL,READY_WITH_REVIEW,NEW_MECHANIC_REQUIRED,COMPUTED_FROM_COMPLETE_IDENTITY_SETS,3,3,0,,1.0,pepperoni,1.0,HIGH,DISCOVERY_IDENTITY_REVIEW|EXACT_PRODUCTION_INGREDIENT_SET|MATRIX_COLLISION_REF,DOUGH_VARIANT,,,family_derived,tomato-sauce,True,,SAME_INGREDIENT_SET_AS_CATALOG_RECIPE,False,TBD,TBD,TBD,OWNER_DECISION_REQUIRED,OWNER_DECISION_REQUIRED
philly-cheesesteak-pizza-pizzadb-p9,フィリーチーズステーキピザ,philly-cheesesteak-pizza,,W3,FULL,BLOCKED_PRODUCT_DECISION,RUNTIME_CONTRACT_CHANGE_REQUIRED,NOT_COMPUTABLE_INCOMPLETE_IDENTITY_SET,,1,2,beef|green-pepper,,,,UNKNOWN,INCOMPLETE_IDENTITY_SET,,,SAUCELESS_RECIPE_CONTRACT,none,,False,UNRESOLVED_INGREDIENT,,False,TBD,TBD,TBD,OWNER_DECISION_REQUIRED,OWNER_DECISION_REQUIRED
poutine-pizza-pizzadb-p10,プーティンピザ,poutine-pizza,,W4,PARTIAL,READY,NEW_MECHANIC_AND_RUNTIME_CONTRACT_REQUIRED,COMPUTED_FROM_COMPLETE_IDENTITY_SETS,4,1,3,cheese-curd|french-fries|gravy-sauce,0.25,salsiccia,0.1667,LOW,,DOUGH_VARIANT,,UNSUPPORTED_SAUCE_ID_CONTRACT,listed,gravy-sauce,True,,,False,TBD,TBD,TBD,OWNER_DECISION_REQUIRED,OWNER_DECISION_REQUIRED
feteer-meshaltet-pizzadb-p10,フェテイールメシャルテル,feteer-meshaltet,,W5,NOT_REPRESENTABLE,BLOCKED_PRODUCT_DECISION,NEW_MECHANIC_REQUIRED,NOT_COMPUTABLE_INCOMPLETE_IDENTITY_SET,,0,3,condensed-milk|honey|melted-butter,,,,UNKNOWN,INCOMPLETE_IDENTITY_SET,MULTI_SPREAD_LAYER|LAMINATE,,,unspecified,,False,BASE_SAUCE_UNSPECIFIED|SCOPE_QUESTION|UNRESOLVED_INGREDIENT,,False,TBD,TBD,TBD,OWNER_DECISION_REQUIRED,OWNER_DECISION_REQUIRED
focaccia-genovese-pizzadb-p10,フォカッチャジェノヴェーゼ,focaccia-genovese,,W4,PARTIAL,BLOCKED_PRODUCT_DECISION,NEW_MECHANIC_REQUIRED,COMPUTED_FROM_COMPLETE_IDENTITY_SETS,3,2,1,rock-salt,0.6667,pizza-bianca,0.6667,LOW,,DOUGH_VARIANT,,,listed,olive-oil,True,SCOPE_QUESTION,,False,TBD,TBD,TBD,OWNER_DECISION_REQUIRED,OWNER_DECISION_REQUIRED
fugazza-pizzadb-p10,フガザ,fugazza-pizzadb,fugazza,W0_CORRESPONDENCE,PARTIAL,BLOCKED_PRODUCT_DECISION,NEW_MECHANIC_REQUIRED,COMPUTED_FROM_COMPLETE_IDENTITY_SETS,3,3,0,,1.0,fugazza,0.5,HIGH,DISCOVERY_IDENTITY_REVIEW|MATRIX_COLLISION_REF,DOUGH_VARIANT,,,none,,True,COMPOSITION_CONFLICT_SHIPPED|DISCOVERY_COLLISION,,False,TBD,TBD,TBD,OWNER_DECISION_REQUIRED,OWNER_DECISION_REQUIRED
fugazzetta-pizzadb-p10,フガゼッタ,fugazzetta,,W4,PARTIAL,BLOCKED_PRODUCT_DECISION,NEW_MECHANIC_AND_RUNTIME_CONTRACT_REQUIRED,COMPUTED_FROM_COMPLETE_IDENTITY_SETS,3,3,0,,1.0,fugazza,0.5,HIGH,DISCOVERY_IDENTITY_REVIEW|MATRIX_COLLISION_REF,DOUGH_VARIANT,,SAUCELESS_RECIPE_CONTRACT,none,,True,COMPOSITION_CONFLICT_CANDIDATE|DISCOVERY_COLLISION,,False,TBD,TBD,TBD,OWNER_DECISION_REQUIRED,OWNER_DECISION_REQUIRED
puttanesca-pizza-pizzadb-p10,プッタネスカ,puttanesca-pizza,,W1,FULL,READY,NEW_INGREDIENT_DATA_ONLY,COMPUTED_FROM_COMPLETE_IDENTITY_SETS,5,4,1,capers,0.8,marinara,0.3333,LOW,,,,,family_derived,tomato-sauce,True,,,False,TBD,TBD,TBD,OWNER_DECISION_REQUIRED,OWNER_DECISION_REQUIRED
burrata-pizza-pizzadb-p10,ブラータピザ,burrata-pizza,,W4,PARTIAL,READY,NEW_MECHANIC_REQUIRED,COMPUTED_FROM_COMPLETE_IDENTITY_SETS,4,3,1,burrata,0.75,margherita,0.4,LOW,,MULTI_SPREAD_LAYER,,,family_derived,tomato-sauce,True,,,False,TBD,TBD,TBD,OWNER_DECISION_REQUIRED,OWNER_DECISION_REQUIRED
brazilian-calabresa-pizzadb-p10,ブラジリアン・カラブレーザ,brazilian-calabresa,,W3,FULL,READY_WITH_REVIEW,EVIDENCE_OR_CONTENT_REVIEW_REQUIRED,COMPUTED_FROM_COMPLETE_IDENTITY_SETS,5,5,0,,1.0,capricciosa,0.375,MEDIUM,CONTENT_REVIEW_OR_HIGH_SIMILARITY,,,,family_derived,tomato-sauce,True,,NAMING_CLUSTER,False,TBD,TBD,TBD,OWNER_DECISION_REQUIRED,OWNER_DECISION_REQUIRED
brazilian-catupiry-corn-pizza-pizzadb-p10,ブラジリアンカトゥピリコーンピザ,brazilian-catupiry-corn-pizza,,W4,FULL,READY,RUNTIME_CONTRACT_CHANGE_REQUIRED,COMPUTED_FROM_COMPLETE_IDENTITY_SETS,3,1,2,catupiry|corn,0.3333,salsiccia,0.2,LOW,,,,SAUCELESS_RECIPE_CONTRACT,none,,True,,,False,TBD,TBD,TBD,OWNER_DECISION_REQUIRED,OWNER_DECISION_REQUIRED
frango-catupiry-pizzadb-p10,フランゴ・コン・カトゥピリ,frango-catupiry,,W4,FULL,READY,RUNTIME_CONTRACT_CHANGE_REQUIRED,COMPUTED_FROM_COMPLETE_IDENTITY_SETS,4,2,2,catupiry|chicken,0.5,napoletana,0.3333,LOW,,,,SAUCELESS_RECIPE_CONTRACT,none,,True,,,False,TBD,TBD,TBD,OWNER_DECISION_REQUIRED,OWNER_DECISION_REQUIRED
full-english-pizza-pizzadb-p10,フルイングリッシュピザ,full-english-pizza,,W4,FULL,READY,RUNTIME_CONTRACT_CHANGE_REQUIRED,COMPUTED_FROM_COMPLETE_IDENTITY_SETS,5,4,1,baked-beans,0.8,breakfast-pizza,0.5,LOW,,,,SAUCELESS_RECIPE_CONTRACT,none,,True,,,False,TBD,TBD,TBD,OWNER_DECISION_REQUIRED,OWNER_DECISION_REQUIRED
fruit-dessert-pizza-pizzadb-p11,フルーツデザートピザ,fruit-dessert-pizza,,W4,PARTIAL,BLOCKED_PRODUCT_DECISION,NEW_MECHANIC_REQUIRED,NOT_COMPUTABLE_INCOMPLETE_IDENTITY_SET,,0,4,blueberry|cream-cheese|kiwi|strawberry,,,,UNKNOWN,INCOMPLETE_IDENTITY_SET,DOUGH_VARIANT,,,unspecified,,False,BASE_SAUCE_UNSPECIFIED,,False,TBD,TBD,TBD,OWNER_DECISION_REQUIRED,OWNER_DECISION_REQUIRED
bulgogi-pizza-pizzadb-p11,プルコギピザ,bulgogi-pizza,,W3,FULL,BLOCKED_PRODUCT_DECISION,EVIDENCE_OR_CONTENT_REVIEW_REQUIRED,NOT_COMPUTABLE_INCOMPLETE_IDENTITY_SET,,2,2,beef|white-sesame,,,,UNKNOWN,INCOMPLETE_IDENTITY_SET,,,,unspecified,,False,BASE_SAUCE_UNSPECIFIED,,False,TBD,TBD,TBD,OWNER_DECISION_REQUIRED,OWNER_DECISION_REQUIRED
frutti-di-mare-pizzadb-p11,フルッティディマーレ,frutti-di-mare-pizzadb,,W3,FULL,BLOCKED_PRODUCT_DECISION,EVIDENCE_OR_CONTENT_REVIEW_REQUIRED,COMPUTED_FROM_COMPLETE_IDENTITY_SETS,5,1,4,clam|mussel|shrimp|squid,0.2,salsiccia,0.1429,MEDIUM,CONTENT_REVIEW_OR_HIGH_SIMILARITY,,,,family_derived,tomato-sauce,True,COMPOSITION_CONFLICT_CANDIDATE,NAMING_CLUSTER,False,TBD,TBD,TBD,OWNER_DECISION_REQUIRED,OWNER_DECISION_REQUIRED
breakfast-pizza-pizzadb-p11,ブレックファーストピザ,breakfast-pizza-pizzadb,breakfast-pizza,W0_CORRESPONDENCE,FULL,BLOCKED_PRODUCT_DECISION,EVIDENCE_OR_CONTENT_REVIEW_REQUIRED,NOT_COMPUTABLE_INCOMPLETE_IDENTITY_SET,,3,1,cheddar,,,,UNKNOWN,INCOMPLETE_IDENTITY_SET,,,,listed_unresolved,,False,COMPOSITION_CONFLICT_SHIPPED|UNRESOLVED_INGREDIENT,,False,TBD,TBD,TBD,OWNER_DECISION_REQUIRED,OWNER_DECISION_REQUIRED
prosciutto-funghi-pizzadb-p11,プロシュットフンギ,prosciutto-funghi,,W3,FULL,READY_WITH_REVIEW,EVIDENCE_OR_CONTENT_REVIEW_REQUIRED,COMPUTED_FROM_COMPLETE_IDENTITY_SETS,4,3,1,prosciutto-crudo,0.75,funghi,0.75,HIGH,DISCOVERY_IDENTITY_REVIEW,,,,family_derived,tomato-sauce,True,,SAME_INGREDIENT_SET_AS_CATALOG_RECIPE,False,TBD,TBD,TBD,OWNER_DECISION_REQUIRED,OWNER_DECISION_REQUIRED
veggie-supreme-pizza-pizzadb-p11,ベジースプリームピザ,veggie-supreme-pizza,,W2,FULL,READY,NEW_INGREDIENT_DATA_ONLY,COMPUTED_FROM_COMPLETE_IDENTITY_SETS,7,5,2,fresh-tomato|green-pepper,0.7143,capricciosa,0.4444,LOW,,,,,family_derived,tomato-sauce,True,,,False,TBD,TBD,TBD,OWNER_DECISION_REQUIRED,OWNER_DECISION_REQUIRED
pescatore-pizzadb-p11,ペスカトーレ,pescatore,,W4,PARTIAL,READY_WITH_REVIEW,NEW_MECHANIC_REQUIRED,COMPUTED_FROM_COMPLETE_IDENTITY_SETS,8,4,4,clam|mussel|parsley|shrimp,0.5,salsiccia,0.2222,MEDIUM,CONTENT_REVIEW_OR_HIGH_SIMILARITY,MULTI_SPREAD_LAYER,,,family_derived,tomato-sauce,True,,NAMING_CLUSTER,False,TBD,TBD,TBD,OWNER_DECISION_REQUIRED,OWNER_DECISION_REQUIRED
pesto-caprese-pizzadb-p11,ペストカプレーゼピザ,pesto-caprese,,W1,FULL,READY,NEW_INGREDIENT_DATA_ONLY,COMPUTED_FROM_COMPLETE_IDENTITY_SETS,4,3,1,fresh-tomato,0.75,margherita,0.4,LOW,,,,,family_derived,pesto,True,,,False,TBD,TBD,TBD,OWNER_DECISION_REQUIRED,OWNER_DECISION_REQUIRED
pesto-gamberi-pizzadb-p11,ペストガンベリピザ,pesto-gamberi,,W2,FULL,READY,NEW_INGREDIENT_DATA_ONLY,COMPUTED_FROM_COMPLETE_IDENTITY_SETS,4,2,2,fresh-tomato|shrimp,0.5,marinara,0.1667,LOW,,,,,family_derived,pesto,True,,,False,TBD,TBD,TBD,OWNER_DECISION_REQUIRED,OWNER_DECISION_REQUIRED
pesto-salmone-pizzadb-p11,ペストサーモンピザ,pesto-salmone,,W2,FULL,READY,NEW_INGREDIENT_DATA_ONLY,COMPUTED_FROM_COMPLETE_IDENTITY_SETS,4,1,3,cream-cheese|lemon|salmon,0.25,genovese,0.1667,LOW,,,,,family_derived,pesto,True,,,False,TBD,TBD,TBD,OWNER_DECISION_REQUIRED,OWNER_DECISION_REQUIRED
pesto-genovese-pizza-pizzadb-p11,ペストジェノヴェーゼピザ,pesto-genovese-pizza,genovese,W0_CORRESPONDENCE,FULL,BLOCKED_PRODUCT_DECISION,EVIDENCE_OR_CONTENT_REVIEW_REQUIRED,COMPUTED_FROM_COMPLETE_IDENTITY_SETS,4,2,2,pine-nuts|potato,0.5,genovese,0.4,LOW,,,,,family_derived,pesto,True,COMPOSITION_CONFLICT_SHIPPED,,False,TBD,TBD,TBD,OWNER_DECISION_REQUIRED,OWNER_DECISION_REQUIRED
pesto-trapanese-pizzadb-p11,ペストトラパネーゼピザ,pesto-trapanese,,W2,FULL,READY,NEW_INGREDIENT_DATA_ONLY,COMPUTED_FROM_COMPLETE_IDENTITY_SETS,4,2,2,almond|fresh-tomato,0.5,marinara,0.1667,LOW,,,,,family_derived,pesto,True,,,False,TBD,TBD,TBD,OWNER_DECISION_REQUIRED,OWNER_DECISION_REQUIRED
pesto-tonno-pizzadb-p12,ペストトンノピザ,pesto-tonno,,W1,FULL,READY,RECIPE_DATA_ONLY,COMPUTED_FROM_COMPLETE_IDENTITY_SETS,4,4,0,,1.0,tonno-e-cipolla,0.3333,LOW,,,,,family_derived,pesto,True,,,False,TBD,TBD,TBD,OWNER_DECISION_REQUIRED,OWNER_DECISION_REQUIRED
pesto-noci-pizzadb-p12,ペストノーチピザ,pesto-noci,,W4,PARTIAL,READY,NEW_MECHANIC_REQUIRED,COMPUTED_FROM_COMPLETE_IDENTITY_SETS,4,2,2,honey|walnut,0.5,genovese,0.1667,LOW,,MULTI_SPREAD_LAYER,,,family_derived,pesto,True,,,False,TBD,TBD,TBD,OWNER_DECISION_REQUIRED,OWNER_DECISION_REQUIRED
pesto-patate-pizzadb-p12,ペストパターテピザ,pesto-patate,,W1,FULL,READY,NEW_INGREDIENT_DATA_ONLY,COMPUTED_FROM_COMPLETE_IDENTITY_SETS,4,3,1,potato,0.75,genovese,0.4,LOW,,,,,family_derived,pesto,True,,,False,TBD,TBD,TBD,OWNER_DECISION_REQUIRED,OWNER_DECISION_REQUIRED
pesto-burrata-pizzadb-p12,ペストブラータピザ,pesto-burrata,,W4,PARTIAL,READY,NEW_MECHANIC_REQUIRED,COMPUTED_FROM_COMPLETE_IDENTITY_SETS,4,2,2,burrata|fresh-tomato,0.5,pizza-bianca,0.2,LOW,,MULTI_SPREAD_LAYER,,,family_derived,pesto,True,,,False,TBD,TBD,TBD,OWNER_DECISION_REQUIRED,OWNER_DECISION_REQUIRED
pesto-vegetariana-pizzadb-p12,ペストベジタリアーナピザ,pesto-vegetariana,,W2,FULL,READY,NEW_INGREDIENT_DATA_ONLY,COMPUTED_FROM_COMPLETE_IDENTITY_SETS,5,2,3,bell-pepper|eggplant|zucchini,0.4,genovese,0.3333,LOW,,,,,family_derived,pesto,True,,,False,TBD,TBD,TBD,OWNER_DECISION_REQUIRED,OWNER_DECISION_REQUIRED
pesto-pollo-pizzadb-p12,ペストポッロピザ,pesto-pollo,,W2,FULL,READY,NEW_INGREDIENT_DATA_ONLY,COMPUTED_FROM_COMPLETE_IDENTITY_SETS,4,2,2,chicken|fresh-tomato,0.5,genovese,0.4,LOW,,,,,family_derived,pesto,True,,,False,TBD,TBD,TBD,OWNER_DECISION_REQUIRED,OWNER_DECISION_REQUIRED
venezuelan-reina-pepiada-pizzadb-p12,ベネズエラレイナペピアーダピザ,venezuelan-reina-pepiada,,W3,FULL,BLOCKED_PRODUCT_DECISION,EVIDENCE_OR_CONTENT_REVIEW_REQUIRED,NOT_COMPUTABLE_INCOMPLETE_IDENTITY_SET,,1,4,avocado|chicken|cilantro|mayo,,,,UNKNOWN,INCOMPLETE_IDENTITY_SET,,MULTI_SPREAD_LAYER,,unspecified,,False,BASE_SAUCE_UNSPECIFIED,CANDIDATE_CAPABILITY,False,TBD,TBD,TBD,OWNER_DECISION_REQUIRED,OWNER_DECISION_REQUIRED
peruvian-aji-amarillo-pizzadb-p12,ペルーアヒアマリージョピザ,peruvian-aji-amarillo,,W3,FULL,BLOCKED_PRODUCT_DECISION,EVIDENCE_OR_CONTENT_REVIEW_REQUIRED,NOT_COMPUTABLE_INCOMPLETE_IDENTITY_SET,,2,2,aji-amarillo|chicken,,,,UNKNOWN,INCOMPLETE_IDENTITY_SET,,,,unspecified,,False,BASE_SAUCE_UNSPECIFIED,,False,TBD,TBD,TBD,OWNER_DECISION_REQUIRED,OWNER_DECISION_REQUIRED
polish-kielbasa-pizzadb-p12,ポーリッシュキエルバサピザ,polish-kielbasa,,W4,FULL,READY,RUNTIME_CONTRACT_CHANGE_REQUIRED,COMPUTED_FROM_COMPLETE_IDENTITY_SETS,4,3,1,sauerkraut,0.75,salsiccia,0.4,LOW,,,,SAUCELESS_RECIPE_CONTRACT,none,,True,,,False,TBD,TBD,TBD,OWNER_DECISION_REQUIRED,OWNER_DECISION_REQUIRED
boscaiola-pizzadb-p12,ボスカイオーラ,boscaiola-pizzadb,,W3,FULL,BLOCKED_PRODUCT_DECISION,RUNTIME_CONTRACT_CHANGE_REQUIRED,COMPUTED_FROM_COMPLETE_IDENTITY_SETS,4,3,1,porcini,0.75,salsiccia,0.4,LOW,,,,SAUCELESS_RECIPE_CONTRACT,none,,True,COMPOSITION_CONFLICT_CANDIDATE,,False,TBD,TBD,TBD,OWNER_DECISION_REQUIRED,OWNER_DECISION_REQUIRED
hot-honey-pepperoni-pizzadb-p12,ホットハニーペパロニピザ,hot-honey-pepperoni,,W4,PARTIAL,READY_WITH_REVIEW,NEW_MECHANIC_REQUIRED,COMPUTED_FROM_COMPLETE_IDENTITY_SETS,4,3,1,honey,0.75,pepperoni,0.75,MEDIUM,CONTENT_REVIEW_OR_HIGH_SIMILARITY,MULTI_SPREAD_LAYER,LATE_ADDITION,,family_derived,tomato-sauce,True,,CANDIDATE_CAPABILITY,False,TBD,TBD,TBD,OWNER_DECISION_REQUIRED,OWNER_DECISION_REQUIRED
porchetta-pizza-pizzadb-p12,ポルケッタピザ,porchetta-pizza,,W4,FULL,READY,RUNTIME_CONTRACT_CHANGE_REQUIRED,COMPUTED_FROM_COMPLETE_IDENTITY_SETS,3,2,1,pork,0.6667,pizza-bianca,0.25,LOW,,,,SAUCELESS_RECIPE_CONTRACT,none,,True,,,False,TBD,TBD,TBD,OWNER_DECISION_REQUIRED,OWNER_DECISION_REQUIRED
natto-pizza,納豆ピザ,natto-pizza,,W4,PARTIAL,BLOCKED_PRODUCT_DECISION,NEW_MECHANIC_REQUIRED,NOT_COMPUTABLE_INCOMPLETE_IDENTITY_SET,,1,4,green-onion|natto|nori|okra,,,,UNKNOWN,INCOMPLETE_IDENTITY_SET,LATE_ADDITION,,,unspecified,,False,BASE_SAUCE_UNSPECIFIED,,False,TBD,TBD,TBD,OWNER_DECISION_REQUIRED,OWNER_DECISION_REQUIRED
peking-duck-pizza,北京ダックピザ,peking-duck-pizza,,W3,FULL,READY_WITH_REVIEW,RUNTIME_CONTRACT_CHANGE_REQUIRED,COMPUTED_FROM_COMPLETE_IDENTITY_SETS,5,1,4,cucumber|green-onion|peking-duck|sweet-bean-sauce,0.2,salsiccia,0.1429,MEDIUM,CONTENT_REVIEW_OR_HIGH_SIMILARITY,,,UNSUPPORTED_SAUCE_ID_CONTRACT,listed,sweet-bean-sauce,True,,PREPARED_COMPOSITE_INGREDIENT,False,TBD,TBD,TBD,OWNER_DECISION_REQUIRED,OWNER_DECISION_REQUIRED
mentaiko-mochi-pizza,明太子もちピザ,mentaiko-mochi-pizza,,W3,FULL,BLOCKED_PRODUCT_DECISION,EVIDENCE_OR_CONTENT_REVIEW_REQUIRED,NOT_COMPUTABLE_INCOMPLETE_IDENTITY_SET,,0,5,mayo|mentaiko|mochi|nori|shiso,,,,UNKNOWN,INCOMPLETE_IDENTITY_SET,,MULTI_SPREAD_LAYER,,unspecified,,False,BASE_SAUCE_UNSPECIFIED,CANDIDATE_CAPABILITY,False,TBD,TBD,TBD,OWNER_DECISION_REQUIRED,OWNER_DECISION_REQUIRED
manakish,マナキーシュ,manakish,,W4,PARTIAL,READY_WITH_REVIEW,NEW_MECHANIC_REQUIRED,COMPUTED_FROM_COMPLETE_IDENTITY_SETS,3,1,2,halloumi|zaatar,0.3333,pizza-bianca,0.25,MEDIUM,CONTENT_REVIEW_OR_HIGH_SIMILARITY,DOUGH_VARIANT,,,listed,olive-oil,True,,SOURCE_INCONSISTENCY,False,TBD,TBD,TBD,OWNER_DECISION_REQUIRED,OWNER_DECISION_REQUIRED
yuzu-shrimp-pizza,柚子えびピザ,yuzu-shrimp-pizza,,W4,FULL,READY,RUNTIME_CONTRACT_CHANGE_REQUIRED,COMPUTED_FROM_COMPLETE_IDENTITY_SETS,4,1,3,shiso|shrimp|yuzu-kosho,0.25,salsiccia,0.1667,LOW,,,,UNSUPPORTED_SAUCE_ID_CONTRACT,listed,yuzu-kosho,True,,,False,TBD,TBD,TBD,OWNER_DECISION_REQUIRED,OWNER_DECISION_REQUIRED
wasabi-beef-pizza,わさび牛ピザ,wasabi-beef-pizza,,W4,PARTIAL,READY,NEW_MECHANIC_AND_RUNTIME_CONTRACT_REQUIRED,COMPUTED_FROM_COMPLETE_IDENTITY_SETS,5,2,3,beef|soy-sauce|wasabi,0.4,tonno-e-cipolla,0.2857,LOW,,LATE_ADDITION,,UNSUPPORTED_SAUCE_ID_CONTRACT,listed,soy-sauce,True,,,False,TBD,TBD,TBD,OWNER_DECISION_REQUIRED,OWNER_DECISION_REQUIRED
sichuan-eggplant-pizza,四川風ナスピザ,sichuan-eggplant-pizza,,W4,FULL,READY,RUNTIME_CONTRACT_CHANGE_REQUIRED,COMPUTED_FROM_COMPLETE_IDENTITY_SETS,5,2,3,doubanjiang|eggplant|green-onion,0.4,salsiccia,0.1429,LOW,,,,UNSUPPORTED_SAUCE_ID_CONTRACT,listed,doubanjiang,True,,,False,TBD,TBD,TBD,OWNER_DECISION_REQUIRED,OWNER_DECISION_REQUIRED
yakiniku-pizza,焼肉ピザ,yakiniku-pizza,,W4,PARTIAL,READY,NEW_MECHANIC_AND_RUNTIME_CONTRACT_REQUIRED,COMPUTED_FROM_COMPLETE_IDENTITY_SETS,5,2,3,beef|white-sesame|yakiniku-sauce,0.4,tonno-e-cipolla,0.2857,LOW,,PREP_STEP,,UNSUPPORTED_SAUCE_ID_CONTRACT,listed,yakiniku-sauce,True,,,False,TBD,TBD,TBD,OWNER_DECISION_REQUIRED,OWNER_DECISION_REQUIRED
pizza-de-lomo-saltado,ロモ・サルタード・ピザ,pizza-de-lomo-saltado,,W4,PARTIAL,BLOCKED_PRODUCT_DECISION,NEW_MECHANIC_REQUIRED,NOT_COMPUTABLE_INCOMPLETE_IDENTITY_SET,,2,3,beef|french-fries|fresh-tomato,,,,UNKNOWN,INCOMPLETE_IDENTITY_SET,PREP_STEP|LATE_ADDITION,,,unspecified,,False,BASE_SAUCE_UNSPECIFIED,,False,TBD,TBD,TBD,OWNER_DECISION_REQUIRED,OWNER_DECISION_REQUIRED
lahmacun,ラフマジュン,lahmacun,,W4,PARTIAL,BLOCKED_PRODUCT_DECISION,NEW_MECHANIC_REQUIRED,NOT_COMPUTABLE_INCOMPLETE_IDENTITY_SET,,0,3,bell-pepper|fresh-tomato|parsley,,,,UNKNOWN,INCOMPLETE_IDENTITY_SET,DOUGH_VARIANT|MULTI_SPREAD_LAYER,LATE_ADDITION|SERVE_FORM,,family_derived,tomato-sauce,False,MECHANIC_INTERPRETATION|UNRESOLVED_INGREDIENT|UNRESOLVED_INGREDIENT,,False,TBD,TBD,TBD,OWNER_DECISION_REQUIRED,OWNER_DECISION_REQUIRED
porcini-pizza-pizzadb-p13,ポルチーニ茸のピザ,porcini-pizza,,W3,FULL,BLOCKED_PRODUCT_DECISION,RUNTIME_CONTRACT_CHANGE_REQUIRED,COMPUTED_FROM_COMPLETE_IDENTITY_SETS,4,2,2,parsley|porcini,0.5,salsiccia,0.1667,LOW,,,,SAUCELESS_RECIPE_CONTRACT,none,,True,COMPOSITION_CONFLICT_CANDIDATE,,False,TBD,TBD,TBD,OWNER_DECISION_REQUIRED,OWNER_DECISION_REQUIRED
marinara-pizza-pizzadb-p13,マリナーラ,marinara-pizza,marinara,W0_CORRESPONDENCE,PARTIAL,BLOCKED_PRODUCT_DECISION,NEW_MECHANIC_REQUIRED,COMPUTED_FROM_COMPLETE_IDENTITY_SETS,4,4,0,,1.0,marinara,0.75,LOW,,MULTI_SPREAD_LAYER,,,family_derived,tomato-sauce,True,COMPOSITION_CONFLICT_SHIPPED,,False,TBD,TBD,TBD,OWNER_DECISION_REQUIRED,OWNER_DECISION_REQUIRED
meat-lovers-pizza-pizzadb-p13,ミートラバーズピザ,meat-lovers-pizza,meat-lovers,W0_CORRESPONDENCE,FULL,BLOCKED_PRODUCT_DECISION,EVIDENCE_OR_CONTENT_REVIEW_REQUIRED,COMPUTED_FROM_COMPLETE_IDENTITY_SETS,6,5,1,beef,0.8333,meat-lovers,0.7143,LOW,,,,,family_derived,tomato-sauce,True,COMPOSITION_CONFLICT_SHIPPED,,False,TBD,TBD,TBD,OWNER_DECISION_REQUIRED,OWNER_DECISION_REQUIRED
moussaka-style-pizza-pizzadb-p13,ムサカ風ピザ,moussaka-style-pizza,,W3,FULL,BLOCKED_PRODUCT_DECISION,EVIDENCE_OR_CONTENT_REVIEW_REQUIRED,NOT_COMPUTABLE_INCOMPLETE_IDENTITY_SET,,0,4,cinnamon|eggplant|feta|lamb,,,,UNKNOWN,INCOMPLETE_IDENTITY_SET,,,,listed_unresolved,,False,UNRESOLVED_INGREDIENT,,False,TBD,TBD,TBD,OWNER_DECISION_REQUIRED,OWNER_DECISION_REQUIRED
mexican-elote-pizza-pizzadb-p13,メキシカンエロテピザ,mexican-elote-pizza,,W3,FULL,BLOCKED_PRODUCT_DECISION,EVIDENCE_OR_CONTENT_REVIEW_REQUIRED,NOT_COMPUTABLE_INCOMPLETE_IDENTITY_SET,,0,5,chili-powder|corn|cotija|lime|mayo,,,,UNKNOWN,INCOMPLETE_IDENTITY_SET,,MULTI_SPREAD_LAYER,,unspecified,,False,BASE_SAUCE_UNSPECIFIED,CANDIDATE_CAPABILITY,False,TBD,TBD,TBD,OWNER_DECISION_REQUIRED,OWNER_DECISION_REQUIRED
melanzane-pizza-pizzadb-p13,メランザーネピザ,melanzane-pizza,,W1,FULL,READY,NEW_INGREDIENT_DATA_ONLY,COMPUTED_FROM_COMPLETE_IDENTITY_SETS,4,3,1,eggplant,0.75,margherita,0.75,LOW,,,,,family_derived,tomato-sauce,True,,,False,TBD,TBD,TBD,OWNER_DECISION_REQUIRED,OWNER_DECISION_REQUIRED
montreal-style-pizza-pizzadb-p13,モントリオールスタイルピザ,montreal-style-pizza,,W5,NOT_REPRESENTABLE,READY,NEW_MECHANIC_REQUIRED,COMPUTED_FROM_COMPLETE_IDENTITY_SETS,4,4,0,,1.0,pepperoni,0.75,LOW,,DOUGH_VARIANT|PAN_BAKE,,,listed,tomato-sauce,True,,,False,TBD,TBD,TBD,OWNER_DECISION_REQUIRED,OWNER_DECISION_REQUIRED
ratatouille-pizza-pizzadb-p13,ラタトゥイユピザ,ratatouille-pizza,,W2,FULL,READY,NEW_INGREDIENT_DATA_ONLY,COMPUTED_FROM_COMPLETE_IDENTITY_SETS,5,2,3,bell-pepper|eggplant|zucchini,0.4,marinara,0.3333,LOW,,,,,family_derived,tomato-sauce,True,,,False,TBD,TBD,TBD,OWNER_DECISION_REQUIRED,OWNER_DECISION_REQUIRED
rucola-e-grana-pizzadb-p13,ルーコラエグラーナピザ,rucola-e-grana,,W2,FULL,READY,NEW_INGREDIENT_DATA_ONLY,COMPUTED_FROM_COMPLETE_IDENTITY_SETS,4,1,3,arugula|grana-padano|prosciutto-crudo,0.25,salsiccia,0.1667,LOW,,,,,family_derived,tomato-sauce,True,,,False,TBD,TBD,TBD,OWNER_DECISION_REQUIRED,OWNER_DECISION_REQUIRED
rendang-pizza-pizzadb-p14,ルンダンピザ,rendang-pizza,,W3,FULL,BLOCKED_PRODUCT_DECISION,EVIDENCE_OR_CONTENT_REVIEW_REQUIRED,NOT_COMPUTABLE_INCOMPLETE_IDENTITY_SET,,2,1,beef,,,,UNKNOWN,INCOMPLETE_IDENTITY_SET,,,,unspecified,,False,BASE_SAUCE_UNSPECIFIED,,False,TBD,TBD,TBD,OWNER_DECISION_REQUIRED,OWNER_DECISION_REQUIRED
nduja-pizza-pizzadb-p14,ンドゥイヤピザ,nduja-pizza,,W3,FULL,BLOCKED_PRODUCT_DECISION,EVIDENCE_OR_CONTENT_REVIEW_REQUIRED,NOT_COMPUTABLE_INCOMPLETE_IDENTITY_SET,,2,1,honey,,,,UNKNOWN,INCOMPLETE_IDENTITY_SET,,MULTI_SPREAD_LAYER,,unspecified,,False,BASE_SAUCE_UNSPECIFIED,CANDIDATE_CAPABILITY|NAME_SPECIFICITY_GAP,False,TBD,TBD,TBD,OWNER_DECISION_REQUIRED,OWNER_DECISION_REQUIRED
tsukimi-pizza-pizzadb-p14,月見ピザ,tsukimi-pizza,,W4,FULL,READY,RUNTIME_CONTRACT_CHANGE_REQUIRED,COMPUTED_FROM_COMPLETE_IDENTITY_SETS,4,3,1,green-onion,0.75,breakfast-pizza,0.6,LOW,,,,SAUCELESS_RECIPE_CONTRACT,none,,True,,,False,TBD,TBD,TBD,OWNER_DECISION_REQUIRED,OWNER_DECISION_REQUIRED
black-truffle-pizza-pizzadb-p14,黒トリュフピザ,black-truffle-pizza,,W4,PARTIAL,BLOCKED_PRODUCT_DECISION,NEW_MECHANIC_AND_RUNTIME_CONTRACT_REQUIRED,COMPUTED_FROM_COMPLETE_IDENTITY_SETS,3,2,1,truffle,0.6667,quattro-formaggi,0.3333,LOW,,LATE_ADDITION,,SAUCELESS_RECIPE_CONTRACT,none,,True,COMPOSITION_CONFLICT_CANDIDATE,,False,TBD,TBD,TBD,OWNER_DECISION_REQUIRED,OWNER_DECISION_REQUIRED
teriyaki-chicken-pizza-pizzadb-p14,照り焼きチキンピザ,teriyaki-chicken-pizza,,W4,PARTIAL,BLOCKED_PRODUCT_DECISION,NEW_MECHANIC_REQUIRED,NOT_COMPUTABLE_INCOMPLETE_IDENTITY_SET,,1,3,chicken|mayo|nori,,,,UNKNOWN,INCOMPLETE_IDENTITY_SET,LATE_ADDITION,MULTI_SPREAD_LAYER,,unspecified,,False,BASE_SAUCE_UNSPECIFIED|COMPOSITION_CONFLICT_CANDIDATE,CANDIDATE_CAPABILITY,False,TBD,TBD,TBD,OWNER_DECISION_REQUIRED,OWNER_DECISION_REQUIRED
south-african-boerewors-pizzadb-p14,南アフリカボアヴォースピザ,south-african-boerewors,,W3,FULL,BLOCKED_PRODUCT_DECISION,EVIDENCE_OR_CONTENT_REVIEW_REQUIRED,NOT_COMPUTABLE_INCOMPLETE_IDENTITY_SET,,3,1,chutney,,,,UNKNOWN,INCOMPLETE_IDENTITY_SET,,MULTI_SPREAD_LAYER,,unspecified,,False,BASE_SAUCE_UNSPECIFIED,CANDIDATE_CAPABILITY|NAME_SPECIFICITY_GAP,False,TBD,TBD,TBD,OWNER_DECISION_REQUIRED,OWNER_DECISION_REQUIRED
ume-shiso-pizza-pizzadb-p14,梅しそピザ,ume-shiso-pizza,,W3,FULL,BLOCKED_PRODUCT_DECISION,EVIDENCE_OR_CONTENT_REVIEW_REQUIRED,NOT_COMPUTABLE_INCOMPLETE_IDENTITY_SET,,1,3,shiso|umeboshi-paste|whitebait,,,,UNKNOWN,INCOMPLETE_IDENTITY_SET,,,,unspecified,,False,BASE_SAUCE_UNSPECIFIED,,False,TBD,TBD,TBD,OWNER_DECISION_REQUIRED,OWNER_DECISION_REQUIRED
hokkaido-cheese-pizza-pizzadb-p15,北海道チーズピザ,hokkaido-cheese-pizza,,W3,FULL,BLOCKED_PRODUCT_DECISION,RUNTIME_CONTRACT_CHANGE_REQUIRED,NOT_COMPUTABLE_INCOMPLETE_IDENTITY_SET,,1,2,corn|potato,,,,UNKNOWN,INCOMPLETE_IDENTITY_SET,,,SAUCELESS_RECIPE_CONTRACT,none,,False,UNRESOLVED_INGREDIENT,,False,TBD,TBD,TBD,OWNER_DECISION_REQUIRED,OWNER_DECISION_REQUIRED
