recipeId,canonicalName,nameStatus,evidenceOrigin,runtimeRecipeId,runtimeMatch,canonicalIngredientIds,unresolvedNames,sauceCandidates,sauceCount,cheeseCandidates,cheeseCount,toppingCandidates,toppingCount,taxonomyComplete,taxonomyTierPR293,hint5KeyAuthority,hint5KeyCandidate,subToppingCount,subOrderAuthority,hint5Ready,techniqueDependency,cookingStepsPhases,classPR295,noSauce,noCheese,toppingLess,lateAddition,multiSpread,specialDough,pan,boatShape,fold,midBakeAddition,fry,otherSpecial,engineExpressibility,primaryClass,allClasses,blockers,ownerDecisions,eligiblePhaseWave
bbq-chicken-pizzadb,BBQチキンピザ,CANDIDATE (PIZZA DB evidence name),comparison_table_sample,,NONE,bbq-sauce chicken cilantro mozzarella onion,,bbq-sauce,1,mozzarella,1,chicken cilantro onion,3,False,DATA_ONLY_AFTER_HCG,CANDIDATE_ONLY,chicken,2,MISSING,False,LATE_ADDITION:post_bake,CS-1 -> CS-2 -> CS-3 (=TQ-2),SMALL_ENGINE,NO,NO,NO,REQUIRED,NO,NO,NO,NO,NO,NO,NO,,NOT_EXPRESSIBLE,C,CB,HINT5_KEY_SUB_AUTHORING | LATE_ADDITION:post_bake | NEW_INGREDIENT_DATA | NEW_PAINT_SAUCE_PROFILE | RECIPE_AUTHORING_VALUES | TAXONOMY_ROWS_AFTER_HCG,OD-AM-7 | OD-AM-9,CANDIDATE: after CS-3 / TQ-2 (listed in Wave 2 options ['W2-E_EXPERIENCE_SAMPLER'])
apple-cinnamon-dessert-pizzadb,アップルシナモンデザートピザ,CANDIDATE (PIZZA DB evidence name),comparison_table_sample,,NONE,apple cinnamon cream-cheese walnut,,,0,cream-cheese,1,apple cinnamon walnut,3,False,DATA_ONLY_AFTER_HCG,CANDIDATE_ONLY,cinnamon,2,MISSING,False,,,AUTHORITY_GAP,UNKNOWN,UNKNOWN,UNKNOWN,NO,NO,NO,NO,NO,NO,NO,NO,,NOT_EXPRESSIBLE,E,EB,BASE_SAUCE_UNSPECIFIED | HINT5_KEY_SUB_AUTHORING | NEW_INGREDIENT_DATA | RECIPE_AUTHORING_VALUES | TAXONOMY_ROWS_AFTER_HCG,OD-AM-2 | OD-AM-7,BLOCKED: authority / Owner decision first
calabresa-argentina-pizzadb,アルゼンチン風カラブレーサ,CANDIDATE (PIZZA DB evidence name),comparison_table_sample,,NONE,black-olive mozzarella oregano salami tomato-sauce,,tomato-sauce,1,mozzarella,1,black-olive oregano salami,3,False,DATA_ONLY_AFTER_HCG,MISSING,,,MISSING,False,,,DATA_ONLY,NO,NO,NO,NO,NO,NO,NO,NO,NO,NO,NO,,EXPRESSIBLE_WITH_DATA_ONLY,B,B,HINT5_KEY_SUB_AUTHORING | NEW_INGREDIENT_DATA | RECIPE_AUTHORING_VALUES | TAXONOMY_ROWS_AFTER_HCG,OD-AM-5 | OD-AM-7,CANDIDATE: data-only wave after W2-A
vongole-pizzadb,ヴォンゴレピザ,CANDIDATE (PIZZA DB evidence name),comparison_table_sample,,NONE,clam garlic olive-oil parsley,,olive-oil,1,,0,clam garlic parsley,3,False,DATA_ONLY_AFTER_HCG,MISSING,,,MISSING,False,,,DATA_ONLY,NO (OD-W2-7 a: olive-oil base),REQUIRED,NO,NO,NO,NO,NO,NO,NO,NO,NO,,EXPRESSIBLE_WITH_DATA_ONLY,B,B,HINT5_KEY_SUB_AUTHORING | NEW_INGREDIENT_DATA | RECIPE_AUTHORING_VALUES | TAXONOMY_ROWS_AFTER_HCG,OD-AM-7 | OD-AM-8,"W2-A (approved authoring set; OD-W2-3/6, A1..A8; branch not merged)"
aussie-pizzadb,オージーピザ,CANDIDATE (PIZZA DB evidence name),comparison_table_sample,,NONE,bacon egg mozzarella onion,,,0,mozzarella,1,bacon egg onion,3,True,VALID_NOW,MISSING,,,MISSING,False,NO_SAUCE,none (PR #295: DATA_ONLY after TQ-1D),DATA_ONLY,REQUIRED,NO,NO,NO,NO,NO,NO,NO,NO,NO,NO,,NOT_EXPRESSIBLE,C,CB,HINT5_KEY_SUB_AUTHORING | NO_SAUCE | RECIPE_AUTHORING_VALUES,OD-AM-7 | OD-AM-8,TQ-1D (OD-TQ-18 approved)
capricciosa-pizzadb,カプリチョーザ（PIZZA DB版）,CANDIDATE (PIZZA DB evidence name),comparison_table_sample,capricciosa,DIVERGENT,artichoke black-olive egg ham mozzarella mushroom tomato-sauce,,tomato-sauce,1,mozzarella,1,artichoke black-olive egg ham mushroom,5,False,DATA_ONLY_AFTER_HCG,CANDIDATE_ONLY,mushroom,4,MISSING,False,candidate:ZONED_PLACEMENT,,DATA_ONLY,NO,NO,NO,NO,NO,NO,NO,NO,NO,NO,NO,candidate:ZONED_PLACEMENT,EXPRESSIBLE_WITH_DATA_ONLY,E,EB,COMPOSITION_CONFLICT_SHIPPED | HINT5_KEY_SUB_AUTHORING | NEW_INGREDIENT_DATA | RECIPE_AUTHORING_VALUES | TAXONOMY_ROWS_AFTER_HCG,OD-AM-1 | OD-AM-5 | OD-AM-7 | OD-AM-9,SHIPPED_AS_DIFFERENT_COMPOSITION (capricciosa); Owner decision before any change
currywurst-pizzadb,カリーヴルストピザ,CANDIDATE (PIZZA DB evidence name),comparison_table_sample,,NONE,curry-ketchup mozzarella paprika-powder wurstel,,curry-ketchup,1,mozzarella,1,paprika-powder wurstel,2,False,NEEDS_HCG_DECISION,MISSING,,,MISSING,False,,,DATA_ONLY,NO,NO,NO,NO,NO,NO,NO,NO,NO,NO,NO,,EXPRESSIBLE_WITH_DATA_ONLY,F,FB,HINT5_KEY_SUB_AUTHORING | NEW_INGREDIENT_DATA | NEW_PAINT_SAUCE_PROFILE | RECIPE_AUTHORING_VALUES | TAXONOMY_NEEDS_HCG_DECISION,OD-AM-6 | OD-AM-7,BLOCKED: HCG / canonicalization first
calzone-pizzadb,カルツォーネ（PIZZA DB版）,CANDIDATE (PIZZA DB evidence name),comparison_table_sample,,NONE,mozzarella ricotta salami tomato-sauce,,tomato-sauce,1,mozzarella ricotta,2,salami,1,False,DATA_ONLY_AFTER_HCG,CANDIDATE_ONLY,salami,0,NOT_NEEDED_0_SUBS,False,ENCLOSE | NO_CUT_OR_CUT_UNSPECIFIED,CS-9+ | none (data: CUT profile),MAJOR,NO,NO,NO,NO,NO,NO,NO,NO,REQUIRED,NO,NO,NO_CUT_OR_CUT_UNSPECIFIED,NOT_EXPRESSIBLE,E,EDB,COMPOSITION_CONFLICT_CANDIDATE | CUT_PROFILE | ENCLOSE | HINT5_KEY_SUB_AUTHORING | NEW_INGREDIENT_DATA | RECIPE_AUTHORING_VALUES | TAXONOMY_ROWS_AFTER_HCG,OD-AM-3 | OD-AM-7,BLOCKED: authority / Owner decision first
quattro-stagioni-pizzadb,クアトロスタジオーニ（PIZZA DB版）,CANDIDATE (PIZZA DB evidence name),comparison_table_sample,,NONE,artichoke black-olive ham mozzarella mushroom tomato-sauce,,tomato-sauce,1,mozzarella,1,artichoke black-olive ham mushroom,4,False,DATA_ONLY_AFTER_HCG,MISSING,,,MISSING,False,ZONED_PLACEMENT,CS-8,SMALL_ENGINE,NO,NO,NO,NO,NO,NO,NO,NO,NO,NO,NO,ZONED_PLACEMENT,NOT_EXPRESSIBLE,C,CB,HINT5_KEY_SUB_AUTHORING | NEW_INGREDIENT_DATA | RECIPE_AUTHORING_VALUES | TAXONOMY_ROWS_AFTER_HCG | ZONED_PLACEMENT,OD-AM-7,CANDIDATE: after CS-8
quattro-formaggi-pizzadb,クアトロフォルマッジ（PIZZA DB版）,CANDIDATE (PIZZA DB evidence name),comparison_table_sample,quattro-formaggi,DIVERGENT,fontina gorgonzola mozzarella parmigiano,,,0,fontina gorgonzola mozzarella parmigiano,4,,0,True,VALID_NOW,NOT_APPLICABLE_NO_TOPPING,,0,NOT_APPLICABLE,True,NO_SAUCE,none (PR #295: DATA_ONLY after TQ-1D),DATA_ONLY,REQUIRED,NO,REQUIRED,NO,NO,NO,NO,NO,NO,NO,NO,,NOT_EXPRESSIBLE,E,ECB,COMPOSITION_CONFLICT_SHIPPED | NO_SAUCE | RECIPE_AUTHORING_VALUES,OD-AM-1 | OD-AM-8,SHIPPED_AS_DIFFERENT_COMPOSITION (quattro-formaggi); Owner decision before any change
grandma-pizza-pizzadb,グランマピザ,CANDIDATE (PIZZA DB evidence name),comparison_table_sample,,NONE,garlic mozzarella olive-oil tomato-sauce,,olive-oil tomato-sauce,2,mozzarella,1,garlic,1,True,VALID_NOW,CANDIDATE_ONLY,garlic,0,NOT_NEEDED_0_SUBS,False,MULTI_SPREAD_LAYER,CS-6 (=TQ-3),MAJOR,NO,NO,NO,NO,REQUIRED,NO,NO,NO,NO,NO,NO,,NOT_EXPRESSIBLE,D,DB,HINT5_KEY_SUB_AUTHORING | MULTI_SPREAD_LAYER | RECIPE_AUTHORING_VALUES,OD-AM-7 | OD-AM-9,"CANDIDATE: after CS-6 / TQ-3 + OD-W2-9 (W2-D) (listed in Wave 2 options ['W2-D_DRIZZLE_MULTI_SPREAD', 'W2-E_EXPERIENCE_SAMPLER'])"
greek-style-pizzadb,グリークスタイルピザ（PIZZA DB版）,CANDIDATE (PIZZA DB evidence name),comparison_table_sample,,NONE,black-olive feta mozzarella tomato-sauce,,tomato-sauce,1,feta mozzarella,2,black-olive,1,True,VALID_NOW,CANDIDATE_ONLY,black-olive,0,NOT_NEEDED_0_SUBS,False,DOUGH_VARIANT | PAN_BAKE,CS-7 | CS-9+,MAJOR,NO,NO,NO,NO,NO,REQUIRED,REQUIRED,NO,NO,NO,NO,,NOT_EXPRESSIBLE,E,EDCB,COMPOSITION_CONFLICT_CANDIDATE | DOUGH_VARIANT | HINT5_KEY_SUB_AUTHORING | NEW_INGREDIENT_DATA | PAN_BAKE | RECIPE_AUTHORING_VALUES,OD-AM-3 | OD-AM-7,BLOCKED: authority / Owner decision first
chicago-deep-dish-pizzadb,シカゴディープディッシュ（PIZZA DB版）,CANDIDATE (PIZZA DB evidence name),comparison_table_sample,,NONE,mozzarella pepperoni sausage tomato-sauce,,tomato-sauce,1,mozzarella,1,pepperoni sausage,2,True,VALID_NOW,MISSING,,,MISSING,False,STEP_ORDER | PAN_BAKE,CS-8 | CS-9+,MAJOR,NO,NO,NO,NO,NO,NO,REQUIRED,NO,NO,NO,NO,STEP_ORDER,NOT_EXPRESSIBLE,E,EDCB,COMPOSITION_CONFLICT_CANDIDATE | HINT5_KEY_SUB_AUTHORING | PAN_BAKE | RECIPE_AUTHORING_VALUES | STEP_ORDER,OD-AM-3 | OD-AM-5 | OD-AM-7,BLOCKED: authority / Owner decision first
siciliana-pizzadb,シチリアンピザ（PIZZA DB版）,CANDIDATE (PIZZA DB evidence name),comparison_table_sample,,NONE,anchovy mozzarella onion tomato-sauce,,tomato-sauce,1,mozzarella,1,anchovy onion,2,True,VALID_NOW,MISSING,,,MISSING,False,DOUGH_VARIANT | PAN_BAKE | DOUGH_SHAPE_TARGET,CS-7 | CS-9+,MAJOR,NO,NO,NO,NO,NO,REQUIRED,REQUIRED,NO,NO,NO,NO,DOUGH_SHAPE_TARGET,NOT_EXPRESSIBLE,E,EDCB,COMPOSITION_CONFLICT_CANDIDATE | DOUGH_SHAPE_TARGET | DOUGH_VARIANT | HINT5_KEY_SUB_AUTHORING | PAN_BAKE | RECIPE_AUTHORING_VALUES,OD-AM-3 | OD-AM-5 | OD-AM-7,BLOCKED: authority / Owner decision first
sfincione-pizzadb,スフィンチョーネ,CANDIDATE (PIZZA DB evidence name),comparison_table_sample,,NONE,anchovy olive-oil onion oregano tomato-sauce,,olive-oil tomato-sauce,2,,0,anchovy onion oregano,3,True,VALID_NOW,MISSING,,,MISSING,False,MULTI_SPREAD_LAYER,CS-6 (=TQ-3),MAJOR,NO,REQUIRED,NO,NO,REQUIRED,NO,NO,NO,NO,NO,NO,,NOT_EXPRESSIBLE,D,DB,HINT5_KEY_SUB_AUTHORING | MULTI_SPREAD_LAYER | RECIPE_AUTHORING_VALUES,OD-AM-5 | OD-AM-7 | OD-AM-8 | OD-AM-9,CANDIDATE: after CS-6 / TQ-3 + OD-W2-9 (W2-D) (listed in Wave 2 options ['W2-D_DRIZZLE_MULTI_SPREAD'])
supreme-pizzadb,スプリームピザ,CANDIDATE (PIZZA DB evidence name),comparison_table_sample,,NONE,bell-pepper black-olive mushroom onion pepperoni sausage tomato-sauce,,tomato-sauce,1,,0,bell-pepper black-olive mushroom onion pepperoni sausage,6,False,DATA_ONLY_AFTER_HCG,MISSING,,,MISSING,False,,,DATA_ONLY,NO,REQUIRED,NO,NO,NO,NO,NO,NO,NO,NO,NO,,EXPRESSIBLE_WITH_DATA_ONLY,E,EB,COMPOSITION_CONFLICT_CANDIDATE | HINT5_KEY_SUB_AUTHORING | NEW_INGREDIENT_DATA | RECIPE_AUTHORING_VALUES | TAXONOMY_ROWS_AFTER_HCG,OD-AM-3 | OD-AM-7 | OD-AM-8,BLOCKED: authority / Owner decision first
taco-pizza-pizzadb,タコピザ,CANDIDATE (PIZZA DB evidence name),comparison_table_sample,,NONE,cheddar fresh-tomato ground-beef lettuce salsa tortilla-chips,,salsa,1,cheddar,1,fresh-tomato ground-beef lettuce tortilla-chips,4,False,NEEDS_HCG_DECISION,MISSING,,,MISSING,False,candidate:LATE_ADDITION,,AUTHORITY_GAP,NO,NO,NO,CANDIDATE,NO,NO,NO,NO,NO,NO,NO,,EXPRESSIBLE_WITH_DATA_ONLY,F,FEB,HINT5_KEY_SUB_AUTHORING | MECHANIC_INTERPRETATION | NEW_INGREDIENT_DATA | NEW_PAINT_SAUCE_PROFILE | RECIPE_AUTHORING_VALUES | TAXONOMY_NEEDS_HCG_DECISION,OD-AM-4 | OD-AM-6 | OD-AM-7 | OD-AM-9,BLOCKED: HCG / canonicalization first
flammkuchen-pizzadb,タルトフランベ,CANDIDATE (PIZZA DB evidence name),comparison_table_sample,,NONE,bacon fromage-blanc-sauce onion,,fromage-blanc-sauce,1,,0,bacon onion,2,True,VALID_NOW,MISSING,,,MISSING,False,,,DATA_ONLY,NO,REQUIRED,NO,NO,NO,NO,NO,NO,NO,NO,NO,,EXPRESSIBLE_WITH_DATA_ONLY,B,B,HINT5_KEY_SUB_AUTHORING | NEW_INGREDIENT_DATA | NEW_PAINT_SAUCE_PROFILE | RECIPE_AUTHORING_VALUES,OD-AM-7 | OD-AM-8,"W2-A (approved authoring set; OD-W2-3/6, A1..A8; branch not merged)"
chilean-napolitana-pizzadb,チリアンナポリターナ,CANDIDATE (PIZZA DB evidence name),comparison_table_sample,,NONE,fresh-tomato mozzarella oregano,,,0,mozzarella,1,fresh-tomato oregano,2,True,VALID_NOW,MISSING,,,MISSING,False,NO_SAUCE,none (PR #295: DATA_ONLY after TQ-1D),DATA_ONLY,REQUIRED,NO,NO,NO,NO,NO,NO,NO,NO,NO,NO,,NOT_EXPRESSIBLE,C,CB,HINT5_KEY_SUB_AUTHORING | NO_SAUCE | RECIPE_AUTHORING_VALUES,OD-AM-5 | OD-AM-7 | OD-AM-8,"CANDIDATE: after TQ-1D + OD-W2-8 (W2-C) (listed in Wave 2 options ['W2-C_NO_SAUCE_INTRO', 'W2-E_EXPERIENCE_SAMPLER'])"
trenton-tomato-pie-pizzadb,トレントントマトパイ,CANDIDATE (PIZZA DB evidence name),comparison_table_sample,,NONE,mozzarella tomato-sauce,,tomato-sauce,1,mozzarella,1,,0,True,VALID_NOW,NOT_APPLICABLE_NO_TOPPING,,0,NOT_APPLICABLE,True,STEP_ORDER,CS-8,SMALL_ENGINE,NO,NO,REQUIRED,NO,NO,NO,NO,NO,NO,NO,NO,STEP_ORDER,NOT_EXPRESSIBLE,C,CB,RECIPE_AUTHORING_VALUES | STEP_ORDER,OD-AM-5,CANDIDATE: after CS-8 (listed in Wave 2 options ['W2-E_EXPERIENCE_SAMPLER'])
tonno-e-cipolla-pizzadb,トンノエチポッラ（PIZZA DB版）,RUNTIME,comparison_table_sample,tonno-e-cipolla,EXACT,mozzarella onion tomato-sauce tuna,,tomato-sauce,1,mozzarella,1,onion tuna,2,True,VALID_NOW,AUTHORITY_EXISTS,tuna,1,AUTHORITY_EXISTS,True,,,CURRENT_ENGINE,NO,NO,NO,NO,NO,NO,NO,NO,NO,NO,NO,,EXPRESSIBLE_NOW,A,A,,,"SHIPPED (runtime, W1 or earlier)"
new-haven-apizza-pizzadb,ニューヘイブンアピッツァ,RUNTIME,comparison_table_sample,new-haven-apizza,EXACT,clam garlic olive-oil parmigiano,,olive-oil,1,parmigiano,1,clam garlic,2,True,VALID_NOW,AUTHORITY_EXISTS,clam,1,AUTHORITY_EXISTS,True,,,CURRENT_ENGINE,NO,NO,NO,NO,NO,NO,NO,NO,NO,NO,NO,,EXPRESSIBLE_NOW,A,A,,,"SHIPPED (runtime, W1 or earlier)"
ny-style-pizzadb,ニューヨークスタイルピザ（PIZZA DB版）,CANDIDATE (PIZZA DB evidence name),comparison_table_sample,,NONE,mozzarella tomato-sauce,,tomato-sauce,1,mozzarella,1,,0,True,VALID_NOW,NOT_APPLICABLE_NO_TOPPING,,0,NOT_APPLICABLE,True,DOUGH_VARIANT | candidate:SERVE_FORM,CS-7,SMALL_ENGINE,NO,NO,REQUIRED,NO,NO,REQUIRED,NO,NO,NO,NO,NO,candidate:SERVE_FORM,NOT_EXPRESSIBLE,C,CB,DOUGH_VARIANT | RECIPE_AUTHORING_VALUES,OD-AM-5 | OD-AM-5 | OD-AM-9,CANDIDATE: after CS-7
bacalhau-pizzadb,バカリャウピザ,CANDIDATE (PIZZA DB evidence name),comparison_table_sample,,NONE,black-olive mozzarella onion salt-cod,,,0,mozzarella,1,black-olive onion salt-cod,3,False,DATA_ONLY_AFTER_HCG,MISSING,,,MISSING,False,NO_SAUCE,none (PR #295: DATA_ONLY after TQ-1D),DATA_ONLY,REQUIRED,NO,NO,NO,NO,NO,NO,NO,NO,NO,NO,,NOT_EXPRESSIBLE,C,CB,HINT5_KEY_SUB_AUTHORING | NEW_INGREDIENT_DATA | NO_SAUCE | RECIPE_AUTHORING_VALUES | TAXONOMY_ROWS_AFTER_HCG,OD-AM-7 | OD-AM-8,CANDIDATE: after TQ-1D + OD-W2-8 (W2-C)
buffalo-chicken-pizzadb,バッファローチキンピザ（PIZZA DB版）,CANDIDATE (PIZZA DB evidence name),comparison_table_sample,,NONE,blue-cheese-dressing buffalo-sauce chicken mozzarella,,blue-cheese-dressing buffalo-sauce,2,mozzarella,1,chicken,1,False,DATA_ONLY_AFTER_HCG,CANDIDATE_ONLY,chicken,0,NOT_NEEDED_0_SUBS,False,MULTI_SPREAD_LAYER | LATE_ADDITION:post_bake,CS-1 -> CS-2 -> CS-3 (=TQ-2) | CS-6 (=TQ-3),MAJOR,NO,NO,NO,REQUIRED,REQUIRED,NO,NO,NO,NO,NO,NO,,NOT_EXPRESSIBLE,E,EDCB,COMPOSITION_CONFLICT_CANDIDATE | HINT5_KEY_SUB_AUTHORING | LATE_ADDITION:post_bake | MULTI_SPREAD_LAYER | NEW_INGREDIENT_DATA | RECIPE_AUTHORING_VALUES | TAXONOMY_ROWS_AFTER_HCG,OD-AM-3 | OD-AM-7 | OD-AM-9,BLOCKED: authority / Owner decision first
margherita-pizzadb-row,マルゲリータ,CANDIDATE (PIZZA DB evidence name),individual_profile_page,margherita,DIVERGENT,basil mozzarella olive-oil tomato-sauce,,olive-oil tomato-sauce,2,mozzarella,1,basil,1,True,VALID_NOW,CANDIDATE_ONLY,basil,0,NOT_NEEDED_0_SUBS,False,MULTI_SPREAD_LAYER,CS-6 (=TQ-3),MAJOR,NO,NO,NO,NO,REQUIRED,NO,NO,NO,NO,NO,NO,,NOT_EXPRESSIBLE,E,EDB,COMPOSITION_CONFLICT_SHIPPED | HINT5_KEY_SUB_AUTHORING | MULTI_SPREAD_LAYER | RECIPE_AUTHORING_VALUES,OD-AM-1 | OD-AM-7 | OD-AM-9,SHIPPED_AS_DIFFERENT_COMPOSITION (margherita); Owner decision before any change
pizza-baiana,ピッツァ・バイアーナ,CANDIDATE (PIZZA DB evidence name),individual_profile_page,,NONE,egg mozzarella onion sausage,唐辛子,,0,mozzarella,1,egg onion sausage 唐辛子,4,False,UNRESOLVED_TOPPING_TOKEN,MISSING,,,MISSING,False,,,CURRENT_ENGINE,NO,UNKNOWN,UNKNOWN,NO,NO,NO,NO,NO,NO,NO,NO,,NOT_EXPRESSIBLE,F,FB,HINT5_KEY_SUB_AUTHORING | RECIPE_AUTHORING_VALUES | UNRESOLVED_INGREDIENT_TOKEN,OD-AM-6 | OD-AM-7,BLOCKED: HCG / canonicalization first
pizza-a-caballo,ピッツァ・ア・カバージョ,CANDIDATE (PIZZA DB evidence name),individual_profile_page,,NONE,black-olive mozzarella oregano,,,0,mozzarella,1,black-olive oregano,2,True,VALID_NOW,MISSING,,,MISSING,False,DOUGH_VARIANT | ENCLOSE | NO_SAUCE | NO_CUT_OR_CUT_UNSPECIFIED,CS-7 | CS-9+ | none (PR #295: DATA_ONLY after TQ-1D) | none (data: CUT profile),AUTHORITY_GAP,REQUIRED,NO,NO,NO,NO,REQUIRED,NO,NO,REQUIRED,NO,NO,NO_CUT_OR_CUT_UNSPECIFIED,NOT_EXPRESSIBLE,E,EDCB,CUT_PROFILE | DOUGH_VARIANT | ENCLOSE | EVIDENCE_GAP | HINT5_KEY_SUB_AUTHORING | NO_SAUCE | RECIPE_AUTHORING_VALUES,OD-AM-4 | OD-AM-7 | OD-AM-8,BLOCKED: authority / Owner decision first
fugazzeta-rellena,フガゼッタ・レジェーナ,CANDIDATE (PIZZA DB evidence name),individual_profile_page,,NONE,ham mozzarella onion oregano,,,0,mozzarella,1,ham onion oregano,3,True,VALID_NOW,MISSING,,,MISSING,False,DOUGH_VARIANT | ENCLOSE | NO_SAUCE | NO_CUT_OR_CUT_UNSPECIFIED,CS-7 | CS-9+ | none (PR #295: DATA_ONLY after TQ-1D) | none (data: CUT profile),MAJOR,REQUIRED,NO,NO,NO,NO,REQUIRED,NO,NO,REQUIRED,NO,NO,NO_CUT_OR_CUT_UNSPECIFIED,NOT_EXPRESSIBLE,D,DCB,CUT_PROFILE | DOUGH_VARIANT | ENCLOSE | HINT5_KEY_SUB_AUTHORING | NO_SAUCE | RECIPE_AUTHORING_VALUES,OD-AM-7 | OD-AM-8,CANDIDATE: after CS-7 + CS-9+ major + TQ-1D + OD-W2-8 (W2-C)
bianca-pizzadb-row,ピッツァビアンカ,CANDIDATE (PIZZA DB evidence name),individual_profile_page,,NONE,mozzarella olive-oil ricotta rosemary,,olive-oil,1,mozzarella ricotta,2,rosemary,1,True,VALID_NOW,CANDIDATE_ONLY,rosemary,0,NOT_NEEDED_0_SUBS,False,NO_SAUCE,none (PR #295: DATA_ONLY after TQ-1D),DATA_ONLY,REQUIRED,NO,NO,NO,NO,NO,NO,NO,NO,NO,NO,,NOT_EXPRESSIBLE,C,CB,HINT5_KEY_SUB_AUTHORING | NEW_INGREDIENT_DATA | NO_SAUCE | RECIPE_AUTHORING_VALUES,OD-AM-5 | OD-AM-7 | OD-AM-8,CANDIDATE: after TQ-1D + OD-W2-8 (W2-C)
pizza-de-cancha,ピッツァ・デ・カンチャ,CANDIDATE (PIZZA DB evidence name),individual_profile_page,,NONE,garlic olive-oil oregano,唐辛子,olive-oil,1,,0,garlic oregano 唐辛子,3,False,UNRESOLVED_TOPPING_TOKEN,MISSING,,,MISSING,False,DOUGH_VARIANT | MULTI_SPREAD_LAYER,CS-6 (=TQ-3) | CS-7,MAJOR,NO,UNKNOWN,UNKNOWN,NO,REQUIRED,REQUIRED,NO,NO,NO,NO,NO,,NOT_EXPRESSIBLE,F,FDCB,DOUGH_VARIANT | HINT5_KEY_SUB_AUTHORING | MULTI_SPREAD_LAYER | RECIPE_AUTHORING_VALUES | UNRESOLVED_INGREDIENT_TOKEN,OD-AM-6 | OD-AM-7 | OD-AM-9,BLOCKED: HCG / canonicalization first
hawaiian-pizzadb-row,ハワイアンピザ,RUNTIME,individual_profile_page,hawaiian,EXACT,ham mozzarella pineapple tomato-sauce,,tomato-sauce,1,mozzarella,1,ham pineapple,2,True,VALID_NOW,AUTHORITY_EXISTS,pineapple,1,AUTHORITY_EXISTS,True,,,CURRENT_ENGINE,NO,NO,NO,NO,NO,NO,NO,NO,NO,NO,NO,,EXPRESSIBLE_NOW,A,A,,,"SHIPPED (runtime, W1 or earlier)"
swedish-kebab-pizza-pizzadb-p4,スウェディッシュケバブピザ,CANDIDATE (PIZZA DB evidence name),comparison_table_sample,,NONE,kebab-sauce lettuce mozzarella,肉,kebab-sauce,1,mozzarella,1,lettuce 肉,2,False,UNRESOLVED_TOPPING_TOKEN,MISSING,,,MISSING,False,candidate:MULTI_SPREAD_LAYER,,AUTHORITY_GAP,UNKNOWN,UNKNOWN,UNKNOWN,NO,CANDIDATE,NO,NO,NO,NO,NO,NO,,NOT_EXPRESSIBLE,F,FEB,BASE_SAUCE_UNSPECIFIED | HINT5_KEY_SUB_AUTHORING | NEW_INGREDIENT_DATA | RECIPE_AUTHORING_VALUES | UNRESOLVED_INGREDIENT_TOKEN,OD-AM-2 | OD-AM-5 | OD-AM-6 | OD-AM-7 | OD-AM-9,BLOCKED: HCG / canonicalization first
scacciata-ragusana-pizzadb-p4,スカッチャラグザーナ,CANDIDATE (PIZZA DB evidence name),comparison_table_sample,,NONE,caciocavallo sausage tomato-sauce,,tomato-sauce,1,caciocavallo,1,sausage,1,True,VALID_NOW,CANDIDATE_ONLY,sausage,0,NOT_NEEDED_0_SUBS,False,ENCLOSE | NO_CUT_OR_CUT_UNSPECIFIED,CS-9+ | none (data: CUT profile),MAJOR,NO,NO,NO,NO,NO,NO,NO,NO,REQUIRED,NO,NO,NO_CUT_OR_CUT_UNSPECIFIED,NOT_EXPRESSIBLE,D,DB,CUT_PROFILE | ENCLOSE | HINT5_KEY_SUB_AUTHORING | NEW_INGREDIENT_DATA | RECIPE_AUTHORING_VALUES,OD-AM-7,CANDIDATE: after CS-9+ major
spanish-chorizo-pizza-pizzadb-p4,スパニッシュチョリソピザ,CANDIDATE (PIZZA DB evidence name),comparison_table_sample,,NONE,bell-pepper mozzarella onion sausage,,,0,mozzarella,1,bell-pepper onion sausage,3,False,DATA_ONLY_AFTER_HCG,MISSING,,,MISSING,False,NO_SAUCE,none (PR #295: DATA_ONLY after TQ-1D),DATA_ONLY,REQUIRED,NO,NO,NO,NO,NO,NO,NO,NO,NO,NO,,NOT_EXPRESSIBLE,C,CB,HINT5_KEY_SUB_AUTHORING | NEW_INGREDIENT_DATA | NO_SAUCE | RECIPE_AUTHORING_VALUES | TAXONOMY_ROWS_AFTER_HCG,OD-AM-7 | OD-AM-8,CANDIDATE: after TQ-1D + OD-W2-8 (W2-C) (listed in Wave 2 options ['W2-C_NO_SAUCE_INTRO'])
spinach-artichoke-pizza-pizzadb-p4,スピナッチアーティチョークピザ,CANDIDATE (PIZZA DB evidence name),comparison_table_sample,,NONE,artichoke cream-cheese mozzarella parmigiano spinach,,,0,cream-cheese mozzarella parmigiano,3,artichoke spinach,2,False,DATA_ONLY_AFTER_HCG,CANDIDATE_ONLY,artichoke,1,FORCED_1_SUB (candidate),False,NO_SAUCE,none (PR #295: DATA_ONLY after TQ-1D),DATA_ONLY,REQUIRED,NO,NO,NO,NO,NO,NO,NO,NO,NO,NO,,NOT_EXPRESSIBLE,C,CB,HINT5_KEY_SUB_AUTHORING | NEW_INGREDIENT_DATA | NO_SAUCE | RECIPE_AUTHORING_VALUES | TAXONOMY_ROWS_AFTER_HCG,OD-AM-7 | OD-AM-8,CANDIDATE: after TQ-1D + OD-W2-8 (W2-C)
speck-e-brie-pizzadb-p4,スペックエブリー,CANDIDATE (PIZZA DB evidence name),comparison_table_sample,,NONE,brie mozzarella prosciutto-crudo walnut,,,0,brie mozzarella,2,prosciutto-crudo walnut,2,False,DATA_ONLY_AFTER_HCG,MISSING,,,MISSING,False,NO_SAUCE,none (PR #295: DATA_ONLY after TQ-1D),DATA_ONLY,REQUIRED,NO,NO,NO,NO,NO,NO,NO,NO,NO,NO,,NOT_EXPRESSIBLE,E,ECB,COMPOSITION_CONFLICT_CANDIDATE | HINT5_KEY_SUB_AUTHORING | NEW_INGREDIENT_DATA | NO_SAUCE | RECIPE_AUTHORING_VALUES | TAXONOMY_ROWS_AFTER_HCG,OD-AM-3 | OD-AM-5 | OD-AM-7 | OD-AM-8,BLOCKED: authority / Owner decision first
smore-dessert-pizza-pizzadb-p4,スモアデザートピザ,CANDIDATE (PIZZA DB evidence name),comparison_table_sample,,NONE,chocolate graham-cracker marshmallow,,,0,,0,chocolate graham-cracker marshmallow,3,False,DATA_ONLY_AFTER_HCG,MISSING,,,MISSING,False,LATE_ADDITION:post_bake,CS-1 -> CS-2 -> CS-3 (=TQ-2),AUTHORITY_GAP,UNKNOWN,UNKNOWN,UNKNOWN,REQUIRED,NO,NO,NO,NO,NO,NO,NO,,NOT_EXPRESSIBLE,E,ECB,BASE_SAUCE_UNSPECIFIED | HINT5_KEY_SUB_AUTHORING | LATE_ADDITION:post_bake | NEW_INGREDIENT_DATA | RECIPE_AUTHORING_VALUES | TAXONOMY_ROWS_AFTER_HCG,OD-AM-2 | OD-AM-7 | OD-AM-9,BLOCKED: authority / Owner decision first
st-louis-style-pizza-pizzadb-p4,セントルイススタイルピザ,CANDIDATE (PIZZA DB evidence name),comparison_table_sample,,NONE,pepperoni,プロヴェルチーズ,,0,,0,pepperoni,1,True,VALID_NOW,CANDIDATE_ONLY,pepperoni,0,NOT_NEEDED_0_SUBS,False,DOUGH_VARIANT,CS-7,SMALL_ENGINE,NO,UNKNOWN,UNKNOWN,NO,NO,REQUIRED,NO,NO,NO,NO,NO,,NOT_EXPRESSIBLE,F,FCB,DOUGH_VARIANT | HINT5_KEY_SUB_AUTHORING | RECIPE_AUTHORING_VALUES | UNRESOLVED_INGREDIENT_TOKEN,OD-AM-6 | OD-AM-7,BLOCKED: HCG / canonicalization first
thai-chicken-pizza-pizzadb-p4,タイチキンピザ,CANDIDATE (PIZZA DB evidence name),comparison_table_sample,,NONE,chicken cilantro mozzarella peanut-sauce,赤唐辛子,peanut-sauce,1,mozzarella,1,chicken cilantro 赤唐辛子,3,False,UNRESOLVED_TOPPING_TOKEN,CANDIDATE_ONLY,chicken,2,MISSING,False,,,DATA_ONLY,NO,UNKNOWN,UNKNOWN,NO,NO,NO,NO,NO,NO,NO,NO,,NOT_EXPRESSIBLE,F,FB,HINT5_KEY_SUB_AUTHORING | NEW_INGREDIENT_DATA | NEW_PAINT_SAUCE_PROFILE | RECIPE_AUTHORING_VALUES | UNRESOLVED_INGREDIENT_TOKEN,OD-AM-6 | OD-AM-7,BLOCKED: HCG / canonicalization first
mentaiko-cream-pizza-pizzadb-p4,たらこクリームピザ,CANDIDATE (PIZZA DB evidence name),comparison_table_sample,,NONE,cod-roe fresh-cream-sauce mozzarella nori shiso,,fresh-cream-sauce,1,mozzarella,1,cod-roe nori shiso,3,False,NEEDS_HCG_DECISION,CANDIDATE_ONLY,cod-roe,2,MISSING,False,LATE_ADDITION:mid_bake,CS-9+ (mid-bake),MAJOR,NO,NO,NO,NO,NO,NO,NO,NO,NO,REQUIRED,NO,,NOT_EXPRESSIBLE,F,FDB,HINT5_KEY_SUB_AUTHORING | LATE_ADDITION:mid_bake | NEW_INGREDIENT_DATA | NEW_PAINT_SAUCE_PROFILE | RECIPE_AUTHORING_VALUES | TAXONOMY_NEEDS_HCG_DECISION,OD-AM-6 | OD-AM-7,BLOCKED: HCG / canonicalization first
argentine-napolitana-pizzadb-p1,アルゼンチン風ナポリターナ,CANDIDATE (PIZZA DB evidence name),comparison_table_sample,,NONE,fresh-tomato garlic mozzarella oregano parmigiano,,,0,mozzarella parmigiano,2,fresh-tomato garlic oregano,3,True,VALID_NOW,MISSING,,,MISSING,False,DOUGH_VARIANT | NO_SAUCE,CS-7 | none (PR #295: DATA_ONLY after TQ-1D),SMALL_ENGINE,REQUIRED,NO,NO,NO,NO,REQUIRED,NO,NO,NO,NO,NO,,NOT_EXPRESSIBLE,C,CB,DOUGH_VARIANT | HINT5_KEY_SUB_AUTHORING | NO_SAUCE | RECIPE_AUTHORING_VALUES,OD-AM-5 | OD-AM-7 | OD-AM-8,CANDIDATE: after CS-7 + TQ-1D + OD-W2-8 (W2-C)
ikura-salmon-pizza-pizzadb-p1,いくらとサーモンのピザ,CANDIDATE (PIZZA DB evidence name),comparison_table_sample,,NONE,cream-cheese salmon salmon-roe shiso,,,0,cream-cheese,1,salmon salmon-roe shiso,3,False,DATA_ONLY_AFTER_HCG,MISSING,,,MISSING,False,NO_SAUCE,none (PR #295: DATA_ONLY after TQ-1D),DATA_ONLY,REQUIRED,NO,NO,NO,NO,NO,NO,NO,NO,NO,NO,,NOT_EXPRESSIBLE,C,CB,HINT5_KEY_SUB_AUTHORING | NEW_INGREDIENT_DATA | NO_SAUCE | RECIPE_AUTHORING_VALUES | TAXONOMY_ROWS_AFTER_HCG,OD-AM-7 | OD-AM-8,CANDIDATE: after TQ-1D + OD-W2-8 (W2-C)
vegan-cashew-cheese-pizza-pizzadb-p1,ヴィーガンカシューチーズピザ,CANDIDATE (PIZZA DB evidence name),comparison_table_sample,,NONE,bell-pepper cashew-cheese tomato-sauce zucchini,,tomato-sauce,1,cashew-cheese,1,bell-pepper zucchini,2,False,NEEDS_HCG_DECISION,MISSING,,,MISSING,False,,,DATA_ONLY,NO,NO,NO,NO,NO,NO,NO,NO,NO,NO,NO,,EXPRESSIBLE_WITH_DATA_ONLY,F,FB,HINT5_KEY_SUB_AUTHORING | NEW_INGREDIENT_DATA | RECIPE_AUTHORING_VALUES | TAXONOMY_NEEDS_HCG_DECISION,OD-AM-6 | OD-AM-7,BLOCKED: HCG / canonicalization first
eel-pizza-pizzadb-p1,うなぎピザ,CANDIDATE (PIZZA DB evidence name),comparison_table_sample,,NONE,eel green-onion mozzarella sansho-pepper,,,0,mozzarella,1,eel green-onion sansho-pepper,3,False,NEEDS_HCG_DECISION,CANDIDATE_ONLY,eel,2,MISSING,False,LATE_ADDITION:unresolved:mid_bake|post_bake,unresolved,AUTHORITY_GAP,UNKNOWN,UNKNOWN,UNKNOWN,NO,NO,NO,NO,NO,NO,UNKNOWN,NO,,NOT_EXPRESSIBLE,F,FEB,BASE_SAUCE_UNSPECIFIED | HINT5_KEY_SUB_AUTHORING | LATE_MODE_UNRESOLVED | MECHANIC_INTERPRETATION | NEW_INGREDIENT_DATA | RECIPE_AUTHORING_VALUES | TAXONOMY_NEEDS_HCG_DECISION,OD-AM-2 | OD-AM-4 | OD-AM-6 | OD-AM-7,BLOCKED: HCG / canonicalization first
jerusalem-mixed-grill-pizza-pizzadb-p1,エルサレムミックスグリルピザ,CANDIDATE (PIZZA DB evidence name),comparison_table_sample,,NONE,chicken cumin onion parsley,,,0,,0,chicken cumin onion parsley,4,False,DATA_ONLY_AFTER_HCG,MISSING,,,MISSING,False,,,AUTHORITY_GAP,UNKNOWN,UNKNOWN,UNKNOWN,NO,NO,NO,NO,NO,NO,NO,NO,,NOT_EXPRESSIBLE,E,EB,BASE_SAUCE_UNSPECIFIED | HINT5_KEY_SUB_AUTHORING | NEW_INGREDIENT_DATA | RECIPE_AUTHORING_VALUES | TAXONOMY_ROWS_AFTER_HCG,OD-AM-2 | OD-AM-7,BLOCKED: authority / Owner decision first
old-forge-style-pizza-pizzadb-p1,オールドフォージスタイルピザ,CANDIDATE (PIZZA DB evidence name),comparison_table_sample,,NONE,onion,チーズ,,0,,0,onion,1,True,VALID_NOW,CANDIDATE_ONLY,onion,0,NOT_NEEDED_0_SUBS,False,DOUGH_VARIANT | PAN_BAKE | DOUGH_SHAPE_TARGET,CS-7 | CS-9+,MAJOR,NO,UNKNOWN,UNKNOWN,NO,NO,REQUIRED,REQUIRED,NO,NO,NO,NO,DOUGH_SHAPE_TARGET,NOT_EXPRESSIBLE,F,FDCB,DOUGH_SHAPE_TARGET | DOUGH_VARIANT | HINT5_KEY_SUB_AUTHORING | PAN_BAKE | RECIPE_AUTHORING_VALUES | UNRESOLVED_INGREDIENT_TOKEN,OD-AM-6 | OD-AM-7,BLOCKED: HCG / canonicalization first
okonomiyaki-style-pizza-pizzadb-p1,お好み焼き風ピザ,CANDIDATE (PIZZA DB evidence name),comparison_table_sample,,NONE,bonito-flakes cabbage mayo okonomiyaki-sauce pork,青のり,mayo okonomiyaki-sauce,2,,0,bonito-flakes cabbage pork 青のり,4,False,UNRESOLVED_TOPPING_TOKEN,MISSING,,,MISSING,False,MULTI_SPREAD_LAYER,CS-6 (=TQ-3),MAJOR,NO,UNKNOWN,UNKNOWN,NO,REQUIRED,NO,NO,NO,NO,NO,NO,,NOT_EXPRESSIBLE,F,FDB,HINT5_KEY_SUB_AUTHORING | MULTI_SPREAD_LAYER | NEW_INGREDIENT_DATA | RECIPE_AUTHORING_VALUES | UNRESOLVED_INGREDIENT_TOKEN,OD-AM-6 | OD-AM-7 | OD-AM-9,BLOCKED: HCG / canonicalization first
caponata-pizza-pizzadb-p2,カポナータピザ,CANDIDATE (PIZZA DB evidence name),comparison_table_sample,,NONE,black-olive capers eggplant mozzarella,,,0,mozzarella,1,black-olive capers eggplant,3,True,VALID_NOW,MISSING,,,MISSING,False,,,AUTHORITY_GAP,UNKNOWN,UNKNOWN,UNKNOWN,NO,NO,NO,NO,NO,NO,NO,NO,,NOT_EXPRESSIBLE,E,EB,BASE_SAUCE_UNSPECIFIED | HINT5_KEY_SUB_AUTHORING | RECIPE_AUTHORING_VALUES,OD-AM-2 | OD-AM-7,BLOCKED: authority / Owner decision first
california-style-pizza-pizzadb-p2,カリフォルニアスタイルピザ,CANDIDATE (PIZZA DB evidence name),comparison_table_sample,,NONE,arugula avocado fresh-tomato goat-cheese,,,0,goat-cheese,1,arugula avocado fresh-tomato,3,False,NEEDS_HCG_DECISION,MISSING,,,MISSING,False,NO_SAUCE,none (PR #295: DATA_ONLY after TQ-1D),DATA_ONLY,REQUIRED,NO,NO,NO,NO,NO,NO,NO,NO,NO,NO,,NOT_EXPRESSIBLE,F,FCB,HINT5_KEY_SUB_AUTHORING | NEW_INGREDIENT_DATA | NO_SAUCE | RECIPE_AUTHORING_VALUES | TAXONOMY_NEEDS_HCG_DECISION,OD-AM-6 | OD-AM-7 | OD-AM-8,BLOCKED: HCG / canonicalization first
cauliflower-crust-pizza-pizzadb-p2,カリフラワークラストピザ,CANDIDATE (PIZZA DB evidence name),comparison_table_sample,,NONE,basil mozzarella tomato-sauce,,tomato-sauce,1,mozzarella,1,basil,1,True,VALID_NOW,CANDIDATE_ONLY,basil,0,NOT_NEEDED_0_SUBS,False,DOUGH_VARIANT,CS-7,SMALL_ENGINE,NO,NO,NO,NO,NO,REQUIRED,NO,NO,NO,NO,NO,,NOT_EXPRESSIBLE,C,CB,DOUGH_VARIANT | HINT5_KEY_SUB_AUTHORING | RECIPE_AUTHORING_VALUES,OD-AM-5 | OD-AM-7,CANDIDATE: after CS-7
curry-pizza-japan-pizzadb-p2,カレーピザ,CANDIDATE (PIZZA DB evidence name),comparison_table_sample,,NONE,chicken mozzarella onion,カレーソース,,0,mozzarella,1,chicken onion,2,False,DATA_ONLY_AFTER_HCG,MISSING,,,MISSING,False,,,AUTHORITY_GAP,UNKNOWN,UNKNOWN,UNKNOWN,NO,NO,NO,NO,NO,NO,NO,NO,,NOT_EXPRESSIBLE,F,FB,HINT5_KEY_SUB_AUTHORING | NEW_INGREDIENT_DATA | RECIPE_AUTHORING_VALUES | TAXONOMY_ROWS_AFTER_HCG | UNRESOLVED_INGREDIENT_TOKEN,OD-AM-6 | OD-AM-7,BLOCKED: HCG / canonicalization first
keema-pizza-pizzadb-p2,キーマピザ,CANDIDATE (PIZZA DB evidence name),comparison_table_sample,,NONE,mozzarella onion,ひき肉 青唐辛子,,0,mozzarella,1,onion ひき肉 青唐辛子,3,False,UNRESOLVED_TOPPING_TOKEN,MISSING,,,MISSING,False,,,AUTHORITY_GAP,UNKNOWN,UNKNOWN,UNKNOWN,NO,NO,NO,NO,NO,NO,NO,NO,,NOT_EXPRESSIBLE,F,FEB,BASE_SAUCE_UNSPECIFIED | HINT5_KEY_SUB_AUTHORING | RECIPE_AUTHORING_VALUES | UNRESOLVED_INGREDIENT_TOKEN,OD-AM-2 | OD-AM-6 | OD-AM-7,BLOCKED: HCG / canonicalization first
kimchi-pizza-pizzadb-p2,キムチピザ,CANDIDATE (PIZZA DB evidence name),comparison_table_sample,,NONE,green-onion kimchi mozzarella pork,,,0,mozzarella,1,green-onion kimchi pork,3,False,NEEDS_HCG_DECISION,CANDIDATE_ONLY,kimchi,2,MISSING,False,PREP_STEP,CS-9+,AUTHORITY_GAP,UNKNOWN,UNKNOWN,UNKNOWN,NO,NO,NO,NO,NO,NO,NO,NO,PREP_STEP,NOT_EXPRESSIBLE,F,FEDB,BASE_SAUCE_UNSPECIFIED | HINT5_KEY_SUB_AUTHORING | NEW_INGREDIENT_DATA | PREP_STEP | RECIPE_AUTHORING_VALUES | TAXONOMY_NEEDS_HCG_DECISION,OD-AM-2 | OD-AM-6 | OD-AM-7,BLOCKED: HCG / canonicalization first
cuban-pizza-pizzadb-p2,キューバンピザ,CANDIDATE (PIZZA DB evidence name),comparison_table_sample,,NONE,ham mustard pickles pork swiss-cheese,,mustard,1,swiss-cheese,1,ham pickles pork,3,False,NEEDS_HCG_DECISION,MISSING,,,MISSING,False,,,DATA_ONLY,NO,NO,NO,NO,NO,NO,NO,NO,NO,NO,NO,,EXPRESSIBLE_WITH_DATA_ONLY,F,FB,HINT5_KEY_SUB_AUTHORING | NEW_INGREDIENT_DATA | NEW_PAINT_SAUCE_PROFILE | RECIPE_AUTHORING_VALUES | TAXONOMY_NEEDS_HCG_DECISION,OD-AM-6 | OD-AM-7,BLOCKED: HCG / canonicalization first
quad-cities-style-pizza-pizzadb-p2,クアッドシティーズスタイルピザ,CANDIDATE (PIZZA DB evidence name),comparison_table_sample,,NONE,mozzarella,スパイシーソーセージ,,0,mozzarella,1,スパイシーソーセージ,1,False,UNRESOLVED_TOPPING_TOKEN,MISSING,,,MISSING,False,DOUGH_VARIANT,CS-7,SMALL_ENGINE,NO,UNKNOWN,UNKNOWN,NO,NO,REQUIRED,NO,NO,NO,NO,NO,,NOT_EXPRESSIBLE,F,FCB,DOUGH_VARIANT | HINT5_KEY_SUB_AUTHORING | RECIPE_AUTHORING_VALUES | UNRESOLVED_INGREDIENT_TOKEN,OD-AM-6 | OD-AM-7,BLOCKED: HCG / canonicalization first
goulash-pizza-pizzadb-p3,グヤーシュピザ,CANDIDATE (PIZZA DB evidence name),comparison_table_sample,,NONE,beef onion paprika-powder sour-cream,,,0,,0,beef onion paprika-powder sour-cream,4,False,NEEDS_HCG_DECISION,MISSING,,,MISSING,False,,,AUTHORITY_GAP,UNKNOWN,UNKNOWN,UNKNOWN,NO,NO,NO,NO,NO,NO,NO,NO,,NOT_EXPRESSIBLE,F,FEB,BASE_SAUCE_UNSPECIFIED | HINT5_KEY_SUB_AUTHORING | NEW_INGREDIENT_DATA | RECIPE_AUTHORING_VALUES | TAXONOMY_NEEDS_HCG_DECISION,OD-AM-2 | OD-AM-6 | OD-AM-7,BLOCKED: HCG / canonicalization first
colorado-mountain-pie-pizzadb-p3,コロラドマウンテンパイ,CANDIDATE (PIZZA DB evidence name),comparison_table_sample,,NONE,mozzarella,,,0,mozzarella,1,,0,True,VALID_NOW,NOT_APPLICABLE_NO_TOPPING,,0,NOT_APPLICABLE,False,DOUGH_VARIANT,CS-7,AUTHORITY_GAP,NO,UNKNOWN,UNKNOWN,NO,NO,REQUIRED,NO,NO,NO,NO,NO,,NOT_EXPRESSIBLE,E,ECB,DOUGH_VARIANT | EVIDENCE_GAP | RECIPE_AUTHORING_VALUES,OD-AM-4,BLOCKED: authority / Owner decision first
salsiccia-e-friarielli-pizzadb-p3,サルシッチャエフリアリエッリ,CANDIDATE (PIZZA DB evidence name),comparison_table_sample,,NONE,friarielli mozzarella sausage,,,0,mozzarella,1,friarielli sausage,2,False,DATA_ONLY_AFTER_HCG,CANDIDATE_ONLY,friarielli,1,FORCED_1_SUB (candidate),False,NO_SAUCE,none (PR #295: DATA_ONLY after TQ-1D),DATA_ONLY,REQUIRED,NO,NO,NO,NO,NO,NO,NO,NO,NO,NO,,NOT_EXPRESSIBLE,C,CB,HINT5_KEY_SUB_AUTHORING | NEW_INGREDIENT_DATA | NO_SAUCE | RECIPE_AUTHORING_VALUES | TAXONOMY_ROWS_AFTER_HCG,OD-AM-7 | OD-AM-8,CANDIDATE: after TQ-1D + OD-W2-8 (W2-C)
chicago-stuffed-pizza-pizzadb-p3,シカゴスタッフドピザ,CANDIDATE (PIZZA DB evidence name),comparison_table_sample,,NONE,mozzarella sausage tomato-sauce,,tomato-sauce,1,mozzarella,1,sausage,1,True,VALID_NOW,CANDIDATE_ONLY,sausage,0,NOT_NEEDED_0_SUBS,False,DOUGH_VARIANT | ENCLOSE | NO_CUT_OR_CUT_UNSPECIFIED,CS-7 | CS-9+ | none (data: CUT profile),MAJOR,NO,NO,NO,NO,NO,REQUIRED,NO,NO,REQUIRED,NO,NO,NO_CUT_OR_CUT_UNSPECIFIED,NOT_EXPRESSIBLE,D,DCB,CUT_PROFILE | DOUGH_VARIANT | ENCLOSE | HINT5_KEY_SUB_AUTHORING | RECIPE_AUTHORING_VALUES,OD-AM-5 | OD-AM-5 | OD-AM-7,CANDIDATE: after CS-7 + CS-9+ major
potato-mayo-pizza-pizzadb-p3,じゃがマヨピザ,CANDIDATE (PIZZA DB evidence name),comparison_table_sample,,NONE,bacon corn mayo mozzarella potato,,mayo,1,mozzarella,1,bacon corn potato,3,True,VALID_NOW,MISSING,,,MISSING,False,candidate:MULTI_SPREAD_LAYER,,AUTHORITY_GAP,UNKNOWN,UNKNOWN,UNKNOWN,NO,CANDIDATE,NO,NO,NO,NO,NO,NO,,NOT_EXPRESSIBLE,E,EB,BASE_SAUCE_UNSPECIFIED | HINT5_KEY_SUB_AUTHORING | NEW_INGREDIENT_DATA | RECIPE_AUTHORING_VALUES,OD-AM-2 | OD-AM-5 | OD-AM-7 | OD-AM-9,BLOCKED: authority / Owner decision first
jamaican-jerk-chicken-pizza-pizzadb-p3,ジャマイカンジャークチキンピザ,CANDIDATE (PIZZA DB evidence name),comparison_table_sample,,NONE,chicken green-pepper mozzarella pineapple,,,0,mozzarella,1,chicken green-pepper pineapple,3,False,DATA_ONLY_AFTER_HCG,CANDIDATE_ONLY,chicken,2,MISSING,False,,,AUTHORITY_GAP,UNKNOWN,UNKNOWN,UNKNOWN,NO,NO,NO,NO,NO,NO,NO,NO,,NOT_EXPRESSIBLE,E,EB,BASE_SAUCE_UNSPECIFIED | HINT5_KEY_SUB_AUTHORING | NEW_INGREDIENT_DATA | RECIPE_AUTHORING_VALUES | TAXONOMY_ROWS_AFTER_HCG,OD-AM-2 | OD-AM-7,BLOCKED: authority / Owner decision first
shirasu-pizza-pizzadb-p3,しらすピザ,CANDIDATE (PIZZA DB evidence name),comparison_table_sample,,NONE,lemon mozzarella shiso whitebait,,,0,mozzarella,1,lemon shiso whitebait,3,False,DATA_ONLY_AFTER_HCG,CANDIDATE_ONLY,whitebait,2,MISSING,False,NO_SAUCE,none (PR #295: DATA_ONLY after TQ-1D),DATA_ONLY,REQUIRED,NO,NO,NO,NO,NO,NO,NO,NO,NO,NO,,NOT_EXPRESSIBLE,C,CB,HINT5_KEY_SUB_AUTHORING | NEW_INGREDIENT_DATA | NO_SAUCE | RECIPE_AUTHORING_VALUES | TAXONOMY_ROWS_AFTER_HCG,OD-AM-7 | OD-AM-8,CANDIDATE: after TQ-1D + OD-W2-8 (W2-C)
tandoori-paneer-pizza-pizzadb-p5,タンドリーパニールピザ,CANDIDATE (PIZZA DB evidence name),comparison_table_sample,,NONE,green-pepper mozzarella onion paneer,,,0,mozzarella paneer,2,green-pepper onion,2,False,DATA_ONLY_AFTER_HCG,MISSING,,,MISSING,False,,,AUTHORITY_GAP,UNKNOWN,UNKNOWN,UNKNOWN,NO,NO,NO,NO,NO,NO,NO,NO,,NOT_EXPRESSIBLE,E,EB,BASE_SAUCE_UNSPECIFIED | HINT5_KEY_SUB_AUTHORING | NEW_INGREDIENT_DATA | RECIPE_AUTHORING_VALUES | TAXONOMY_ROWS_AFTER_HCG,OD-AM-2 | OD-AM-7,BLOCKED: authority / Owner decision first
chicken-tikka-pizza-pizzadb-p5,チキンティッカピザ,CANDIDATE (PIZZA DB evidence name),comparison_table_sample,,NONE,bell-pepper chicken-tikka cilantro mozzarella onion,,,0,mozzarella,1,bell-pepper chicken-tikka cilantro onion,4,False,NEEDS_HCG_DECISION,CANDIDATE_ONLY,chicken-tikka,3,MISSING,False,,,AUTHORITY_GAP,UNKNOWN,UNKNOWN,UNKNOWN,NO,NO,NO,NO,NO,NO,NO,NO,,NOT_EXPRESSIBLE,F,FEB,BASE_SAUCE_UNSPECIFIED | HINT5_KEY_SUB_AUTHORING | NEW_INGREDIENT_DATA | RECIPE_AUTHORING_VALUES | TAXONOMY_NEEDS_HCG_DECISION,OD-AM-2 | OD-AM-5 | OD-AM-6 | OD-AM-7,BLOCKED: HCG / canonicalization first
diavola-pizza-pizzadb-p5,ディアボラ,CANDIDATE (PIZZA DB evidence name),comparison_table_sample,,NONE,mozzarella spicy-salami,唐辛子,,0,mozzarella,1,spicy-salami 唐辛子,2,False,UNRESOLVED_TOPPING_TOKEN,MISSING,,,MISSING,False,,,DATA_ONLY,NO,UNKNOWN,UNKNOWN,NO,NO,NO,NO,NO,NO,NO,NO,,NOT_EXPRESSIBLE,F,FEB,COMPOSITION_CONFLICT_CANDIDATE | HINT5_KEY_SUB_AUTHORING | NEW_INGREDIENT_DATA | RECIPE_AUTHORING_VALUES | UNRESOLVED_INGREDIENT_TOKEN,OD-AM-3 | OD-AM-6 | OD-AM-7,BLOCKED: HCG / canonicalization first
detroit-style-pizza-pizzadb-p5,デトロイトスタイルピザ,CANDIDATE (PIZZA DB evidence name),comparison_table_sample,,NONE,brick-cheese pepperoni tomato-sauce,,tomato-sauce,1,brick-cheese,1,pepperoni,1,True,VALID_NOW,CANDIDATE_ONLY,pepperoni,0,NOT_NEEDED_0_SUBS,False,DOUGH_VARIANT | LATE_ADDITION:post_bake | PAN_BAKE | DOUGH_SHAPE_TARGET,CS-1 -> CS-2 -> CS-3 (=TQ-2) | CS-7 | CS-9+,MAJOR,NO,NO,NO,REQUIRED,NO,REQUIRED,REQUIRED,NO,NO,NO,NO,DOUGH_SHAPE_TARGET,NOT_EXPRESSIBLE,E,EDCB,COMPOSITION_CONFLICT_CANDIDATE | DOUGH_SHAPE_TARGET | DOUGH_VARIANT | HINT5_KEY_SUB_AUTHORING | LATE_ADDITION:post_bake | NEW_INGREDIENT_DATA | PAN_BAKE | RECIPE_AUTHORING_VALUES,OD-AM-3 | OD-AM-7 | OD-AM-9,BLOCKED: authority / Owner decision first
turkish-pide-pizzadb-p5,トルコピデ,CANDIDATE (PIZZA DB evidence name),comparison_table_sample,,NONE,fresh-tomato parsley,ひき肉 チーズ,,0,,0,fresh-tomato parsley ひき肉,3,False,UNRESOLVED_TOPPING_TOKEN,MISSING,,,MISSING,False,DOUGH_VARIANT | DOUGH_SHAPE_TARGET,CS-7 | CS-9+,MAJOR,NO,UNKNOWN,UNKNOWN,NO,NO,REQUIRED,NO,REQUIRED,NO,NO,NO,DOUGH_SHAPE_TARGET,NOT_EXPRESSIBLE,F,FDCB,DOUGH_SHAPE_TARGET | DOUGH_VARIANT | HINT5_KEY_SUB_AUTHORING | NEW_INGREDIENT_DATA | RECIPE_AUTHORING_VALUES | UNRESOLVED_INGREDIENT_TOKEN,OD-AM-6 | OD-AM-7,BLOCKED: HCG / canonicalization first
nigerian-suya-pizza-pizzadb-p5,ナイジェリアンスヤピザ,CANDIDATE (PIZZA DB evidence name),comparison_table_sample,,NONE,beef green-pepper mozzarella onion,,,0,mozzarella,1,beef green-pepper onion,3,False,NEEDS_HCG_DECISION,MISSING,,,MISSING,False,,,AUTHORITY_GAP,UNKNOWN,UNKNOWN,UNKNOWN,NO,NO,NO,NO,NO,NO,NO,NO,,NOT_EXPRESSIBLE,F,FEB,BASE_SAUCE_UNSPECIFIED | HINT5_KEY_SUB_AUTHORING | NEW_INGREDIENT_DATA | RECIPE_AUTHORING_VALUES | TAXONOMY_NEEDS_HCG_DECISION,OD-AM-2 | OD-AM-6 | OD-AM-7,BLOCKED: HCG / canonicalization first
eggplant-tahini-pizza-pizzadb-p5,ナスとタヒニのピザ,CANDIDATE (PIZZA DB evidence name),comparison_table_sample,,NONE,eggplant parsley pomegranate tahini,,tahini,1,,0,eggplant parsley pomegranate,3,False,DATA_ONLY_AFTER_HCG,CANDIDATE_ONLY,eggplant,2,MISSING,False,,,DATA_ONLY,NO,REQUIRED,NO,NO,NO,NO,NO,NO,NO,NO,NO,,EXPRESSIBLE_WITH_DATA_ONLY,B,B,HINT5_KEY_SUB_AUTHORING | NEW_INGREDIENT_DATA | NEW_PAINT_SAUCE_PROFILE | RECIPE_AUTHORING_VALUES | TAXONOMY_ROWS_AFTER_HCG,OD-AM-7 | OD-AM-8,CANDIDATE: data-only wave after W2-A (listed in Wave 2 options ['W2-B_SAUCE_PALETTE'])
eggplant-ricotta-pizza-pizzadb-p5,ナスとリコッタのピザ,CANDIDATE (PIZZA DB evidence name),comparison_table_sample,,NONE,eggplant mint olive-oil ricotta,,olive-oil,1,ricotta,1,eggplant mint,2,False,DATA_ONLY_AFTER_HCG,CANDIDATE_ONLY,eggplant,1,FORCED_1_SUB (candidate),False,NO_SAUCE,none (PR #295: DATA_ONLY after TQ-1D),DATA_ONLY,REQUIRED,NO,NO,NO,NO,NO,NO,NO,NO,NO,NO,,NOT_EXPRESSIBLE,C,CB,HINT5_KEY_SUB_AUTHORING | NEW_INGREDIENT_DATA | NO_SAUCE | RECIPE_AUTHORING_VALUES | TAXONOMY_ROWS_AFTER_HCG,OD-AM-7 | OD-AM-8,CANDIDATE: after TQ-1D + OD-W2-8 (W2-C)
eggplant-dengaku-pizza-pizzadb-p6,ナス田楽ピザ,CANDIDATE (PIZZA DB evidence name),comparison_table_sample,,NONE,eggplant miso-sauce mozzarella white-sesame,,miso-sauce,1,mozzarella,1,eggplant white-sesame,2,False,DATA_ONLY_AFTER_HCG,CANDIDATE_ONLY,eggplant,1,FORCED_1_SUB (candidate),False,,,DATA_ONLY,NO,NO,NO,NO,NO,NO,NO,NO,NO,NO,NO,,EXPRESSIBLE_WITH_DATA_ONLY,B,B,HINT5_KEY_SUB_AUTHORING | NEW_INGREDIENT_DATA | NEW_PAINT_SAUCE_PROFILE | RECIPE_AUTHORING_VALUES | TAXONOMY_ROWS_AFTER_HCG,OD-AM-7,CANDIDATE: data-only wave after W2-A (listed in Wave 2 options ['W2-B_SAUCE_PALETTE'])
nashville-hot-chicken-pizza-pizzadb-p6,ナッシュビルホットチキンピザ,CANDIDATE (PIZZA DB evidence name),comparison_table_sample,,NONE,chicken honey mozzarella pickles,,honey,1,mozzarella,1,chicken pickles,2,False,NEEDS_HCG_DECISION,CANDIDATE_ONLY,chicken,1,FORCED_1_SUB (candidate),False,candidate:MULTI_SPREAD_LAYER,,AUTHORITY_GAP,UNKNOWN,UNKNOWN,UNKNOWN,NO,CANDIDATE,NO,NO,NO,NO,NO,NO,,NOT_EXPRESSIBLE,F,FEB,BASE_SAUCE_UNSPECIFIED | HINT5_KEY_SUB_AUTHORING | NEW_INGREDIENT_DATA | RECIPE_AUTHORING_VALUES | TAXONOMY_NEEDS_HCG_DECISION,OD-AM-2 | OD-AM-5 | OD-AM-6 | OD-AM-7 | OD-AM-9,BLOCKED: HCG / canonicalization first
new-england-bar-pizza-pizzadb-p6,ニューイングランドバーピザ,CANDIDATE (PIZZA DB evidence name),comparison_table_sample,,NONE,mozzarella pepperoni tomato-sauce,,tomato-sauce,1,mozzarella,1,pepperoni,1,True,VALID_NOW,CANDIDATE_ONLY,pepperoni,0,NOT_NEEDED_0_SUBS,False,DOUGH_VARIANT | PAN_BAKE,CS-7 | CS-9+,MAJOR,NO,NO,NO,NO,NO,REQUIRED,REQUIRED,NO,NO,NO,NO,,NOT_EXPRESSIBLE,D,DCB,DOUGH_VARIANT | HINT5_KEY_SUB_AUTHORING | PAN_BAKE | RECIPE_AUTHORING_VALUES,OD-AM-5 | OD-AM-7,CANDIDATE: after CS-7 + CS-9+ major
new-zealand-lamb-pizza-pizzadb-p6,ニュージーランドラムピザ,CANDIDATE (PIZZA DB evidence name),comparison_table_sample,,NONE,lamb mozzarella rosemary sweet-potato,,,0,mozzarella,1,lamb rosemary sweet-potato,3,False,DATA_ONLY_AFTER_HCG,MISSING,,,MISSING,False,NO_SAUCE,none (PR #295: DATA_ONLY after TQ-1D),DATA_ONLY,REQUIRED,NO,NO,NO,NO,NO,NO,NO,NO,NO,NO,,NOT_EXPRESSIBLE,C,CB,HINT5_KEY_SUB_AUTHORING | NEW_INGREDIENT_DATA | NO_SAUCE | RECIPE_AUTHORING_VALUES | TAXONOMY_ROWS_AFTER_HCG,OD-AM-7 | OD-AM-8,CANDIDATE: after TQ-1D + OD-W2-8 (W2-C)
nutella-dessert-pizza-pizzadb-p6,ヌテラデザートピザ,CANDIDATE (PIZZA DB evidence name),comparison_table_sample,,NONE,banana nutella-spread powdered-sugar,ナッツ,nutella-spread,1,,0,banana powdered-sugar ナッツ,3,False,UNRESOLVED_TOPPING_TOKEN,MISSING,,,MISSING,False,LATE_ADDITION:post_bake,CS-1 -> CS-2 -> CS-3 (=TQ-2),SMALL_ENGINE,NO,UNKNOWN,UNKNOWN,REQUIRED,NO,NO,NO,NO,NO,NO,NO,,NOT_EXPRESSIBLE,F,FECB,COMPOSITION_CONFLICT_CANDIDATE | HINT5_KEY_SUB_AUTHORING | LATE_ADDITION:post_bake | NEW_INGREDIENT_DATA | NEW_PAINT_SAUCE_PROFILE | RECIPE_AUTHORING_VALUES | UNRESOLVED_INGREDIENT_TOKEN,OD-AM-3 | OD-AM-6 | OD-AM-7 | OD-AM-9,BLOCKED: HCG / canonicalization first
baingan-bharta-pizza-pizzadb-p6,バインガンバルタピザ,CANDIDATE (PIZZA DB evidence name),comparison_table_sample,,NONE,cilantro eggplant fresh-tomato mozzarella onion,,,0,mozzarella,1,cilantro eggplant fresh-tomato onion,4,False,DATA_ONLY_AFTER_HCG,MISSING,,,MISSING,False,,,AUTHORITY_GAP,UNKNOWN,UNKNOWN,UNKNOWN,NO,NO,NO,NO,NO,NO,NO,NO,,NOT_EXPRESSIBLE,E,EB,BASE_SAUCE_UNSPECIFIED | HINT5_KEY_SUB_AUTHORING | NEW_INGREDIENT_DATA | RECIPE_AUTHORING_VALUES | TAXONOMY_ROWS_AFTER_HCG,OD-AM-2 | OD-AM-7,BLOCKED: authority / Owner decision first
banh-mi-pizza-pizzadb-p6,バインミーピザ,CANDIDATE (PIZZA DB evidence name),comparison_table_sample,,NONE,carrot cilantro daikon ham liver-pate mozzarella,,,0,mozzarella,1,carrot cilantro daikon ham liver-pate,5,False,NEEDS_HCG_DECISION,MISSING,,,MISSING,False,,,AUTHORITY_GAP,UNKNOWN,UNKNOWN,UNKNOWN,NO,NO,NO,NO,NO,NO,NO,NO,,NOT_EXPRESSIBLE,F,FEB,BASE_SAUCE_UNSPECIFIED | HINT5_KEY_SUB_AUTHORING | NEW_INGREDIENT_DATA | RECIPE_AUTHORING_VALUES | TAXONOMY_NEEDS_HCG_DECISION,OD-AM-2 | OD-AM-6 | OD-AM-7,BLOCKED: HCG / canonicalization first
buffalo-cauliflower-pizza-pizzadb-p6,バッファローカリフラワーピザ,CANDIDATE (PIZZA DB evidence name),comparison_table_sample,,NONE,blue-cheese-dressing cauliflower mozzarella,,blue-cheese-dressing,1,mozzarella,1,cauliflower,1,False,DATA_ONLY_AFTER_HCG,CANDIDATE_ONLY,cauliflower,0,NOT_NEEDED_0_SUBS,False,candidate:MULTI_SPREAD_LAYER,,AUTHORITY_GAP,UNKNOWN,UNKNOWN,UNKNOWN,NO,CANDIDATE,NO,NO,NO,NO,NO,NO,,NOT_EXPRESSIBLE,E,EB,BASE_SAUCE_UNSPECIFIED | HINT5_KEY_SUB_AUTHORING | NEW_INGREDIENT_DATA | RECIPE_AUTHORING_VALUES | TAXONOMY_ROWS_AFTER_HCG,OD-AM-2 | OD-AM-5 | OD-AM-7 | OD-AM-9,BLOCKED: authority / Owner decision first
baba-ganoush-pizza-pizzadb-p7,ババガヌーシュピザ,CANDIDATE (PIZZA DB evidence name),comparison_table_sample,,NONE,eggplant olive-oil parsley pine-nuts,,olive-oil,1,,0,eggplant parsley pine-nuts,3,False,DATA_ONLY_AFTER_HCG,MISSING,,,MISSING,False,,,DATA_ONLY,NO,REQUIRED,NO,NO,NO,NO,NO,NO,NO,NO,NO,,EXPRESSIBLE_WITH_DATA_ONLY,B,B,HINT5_KEY_SUB_AUTHORING | NEW_INGREDIENT_DATA | RECIPE_AUTHORING_VALUES | TAXONOMY_ROWS_AFTER_HCG,OD-AM-7 | OD-AM-8,CANDIDATE: data-only wave after W2-A
jamon-serrano-pizza-pizzadb-p7,ハモンセラーノピザ,CANDIDATE (PIZZA DB evidence name),comparison_table_sample,,NONE,arugula mozzarella prosciutto-crudo tomato-sauce,,tomato-sauce,1,mozzarella,1,arugula prosciutto-crudo,2,False,DATA_ONLY_AFTER_HCG,MISSING,,,MISSING,False,,,DATA_ONLY,NO,NO,NO,NO,NO,NO,NO,NO,NO,NO,NO,,EXPRESSIBLE_WITH_DATA_ONLY,B,B,HINT5_KEY_SUB_AUTHORING | NEW_INGREDIENT_DATA | RECIPE_AUTHORING_VALUES | TAXONOMY_ROWS_AFTER_HCG,OD-AM-7,"W2-A (approved authoring set; OD-W2-3/6, A1..A8; branch not merged)"
jalapeno-popper-pizza-pizzadb-p7,ハラペーニョポッパーピザ,CANDIDATE (PIZZA DB evidence name),comparison_table_sample,,NONE,bacon cream-cheese jalapeno mozzarella,,,0,cream-cheese mozzarella,2,bacon jalapeno,2,False,NEEDS_HCG_DECISION,CANDIDATE_ONLY,jalapeno,1,FORCED_1_SUB (candidate),False,NO_SAUCE,none (PR #295: DATA_ONLY after TQ-1D),DATA_ONLY,REQUIRED,NO,NO,NO,NO,NO,NO,NO,NO,NO,NO,,NOT_EXPRESSIBLE,F,FCB,HINT5_KEY_SUB_AUTHORING | NEW_INGREDIENT_DATA | NO_SAUCE | RECIPE_AUTHORING_VALUES | TAXONOMY_NEEDS_HCG_DECISION,OD-AM-6 | OD-AM-7 | OD-AM-8,BLOCKED: HCG / canonicalization first
palmitos-salsa-golf-pizzadb-p7,パルミートス・イ・サルサ・ゴルフ,CANDIDATE (PIZZA DB evidence name),comparison_table_sample,,NONE,ham mozzarella oregano palm-heart,,,0,mozzarella,1,ham oregano palm-heart,3,False,DATA_ONLY_AFTER_HCG,MISSING,,,MISSING,False,DOUGH_VARIANT,CS-7,AUTHORITY_GAP,UNKNOWN,UNKNOWN,UNKNOWN,NO,NO,REQUIRED,NO,NO,NO,NO,NO,,NOT_EXPRESSIBLE,E,ECB,BASE_SAUCE_UNSPECIFIED | DOUGH_VARIANT | HINT5_KEY_SUB_AUTHORING | NEW_INGREDIENT_DATA | RECIPE_AUTHORING_VALUES | TAXONOMY_ROWS_AFTER_HCG,OD-AM-2 | OD-AM-7,BLOCKED: authority / Owner decision first
parmigiana-pizza-pizzadb-p7,パルミジャーナピザ,RUNTIME,comparison_table_sample,parmigiana-pizza,EXACT,basil eggplant mozzarella parmigiano tomato-sauce,,tomato-sauce,1,mozzarella parmigiano,2,basil eggplant,2,True,VALID_NOW,AUTHORITY_EXISTS,eggplant,1,AUTHORITY_EXISTS,True,,,CURRENT_ENGINE,NO,NO,NO,NO,NO,NO,NO,NO,NO,NO,NO,,EXPRESSIBLE_NOW,A,A,,,"SHIPPED (runtime, W1 or earlier)"
palmito-pizza-pizzadb-p7,パルミットピザ,CANDIDATE (PIZZA DB evidence name),comparison_table_sample,,NONE,black-olive mozzarella palm-heart,,,0,mozzarella,1,black-olive palm-heart,2,False,DATA_ONLY_AFTER_HCG,MISSING,,,MISSING,False,NO_SAUCE,none (PR #295: DATA_ONLY after TQ-1D),DATA_ONLY,REQUIRED,NO,NO,NO,NO,NO,NO,NO,NO,NO,NO,,NOT_EXPRESSIBLE,C,CB,HINT5_KEY_SUB_AUTHORING | NEW_INGREDIENT_DATA | NO_SAUCE | RECIPE_AUTHORING_VALUES | TAXONOMY_ROWS_AFTER_HCG,OD-AM-7 | OD-AM-8,CANDIDATE: after TQ-1D + OD-W2-8 (W2-C)
bambino-pizzadb-p7,バンビーノ,RUNTIME,comparison_table_sample,bambino,EXACT,corn ham mozzarella tomato-sauce,,tomato-sauce,1,mozzarella,1,corn ham,2,True,VALID_NOW,AUTHORITY_EXISTS,corn,1,AUTHORITY_EXISTS,True,,,CURRENT_ENGINE,NO,NO,NO,NO,NO,NO,NO,NO,NO,NO,NO,,EXPRESSIBLE_NOW,A,A,,,"SHIPPED (runtime, W1 or earlier)"
piadina-romagnola-pizzadb-p7,ピアディーナ・ロマニョーラ,CANDIDATE (PIZZA DB evidence name),comparison_table_sample,,NONE,arugula cream-cheese prosciutto-crudo,,,0,cream-cheese,1,arugula prosciutto-crudo,2,False,DATA_ONLY_AFTER_HCG,MISSING,,,MISSING,False,DOUGH_VARIANT | NO_SAUCE,CS-7 | none (PR #295: DATA_ONLY after TQ-1D),SMALL_ENGINE,REQUIRED,NO,NO,NO,NO,REQUIRED,NO,NO,NO,NO,NO,,NOT_EXPRESSIBLE,C,CB,DOUGH_VARIANT | HINT5_KEY_SUB_AUTHORING | NEW_INGREDIENT_DATA | NO_SAUCE | RECIPE_AUTHORING_VALUES | TAXONOMY_ROWS_AFTER_HCG,OD-AM-7 | OD-AM-8,CANDIDATE: after CS-7 + TQ-1D + OD-W2-8 (W2-C)
pizza-overload-pizzadb-p7,ピザオーバーロード,CANDIDATE (PIZZA DB evidence name),comparison_table_sample,,NONE,bacon ham hot-dog mozzarella pineapple tomato-sauce,,tomato-sauce,1,mozzarella,1,bacon ham hot-dog pineapple,4,False,NEEDS_HCG_DECISION,MISSING,,,MISSING,False,,,DATA_ONLY,NO,NO,NO,NO,NO,NO,NO,NO,NO,NO,NO,,EXPRESSIBLE_WITH_DATA_ONLY,F,FB,HINT5_KEY_SUB_AUTHORING | NEW_INGREDIENT_DATA | RECIPE_AUTHORING_VALUES | TAXONOMY_NEEDS_HCG_DECISION,OD-AM-5 | OD-AM-6 | OD-AM-7,BLOCKED: HCG / canonicalization first
pizza-salad-pizzadb-p7,ピザサラダ,CANDIDATE (PIZZA DB evidence name),comparison_table_sample,,NONE,corn cucumber lettuce mozzarella tomato-sauce yogurt-sauce,,tomato-sauce yogurt-sauce,2,mozzarella,1,corn cucumber lettuce,3,False,DATA_ONLY_AFTER_HCG,MISSING,,,MISSING,False,MULTI_SPREAD_LAYER,CS-6 (=TQ-3),MAJOR,NO,NO,NO,NO,REQUIRED,NO,NO,NO,NO,NO,NO,,NOT_EXPRESSIBLE,D,DB,HINT5_KEY_SUB_AUTHORING | MULTI_SPREAD_LAYER | NEW_INGREDIENT_DATA | RECIPE_AUTHORING_VALUES | TAXONOMY_ROWS_AFTER_HCG,OD-AM-7 | OD-AM-9,CANDIDATE: after CS-6 / TQ-3 + OD-W2-9 (W2-D)
bismarck-pizza-pizzadb-p7,ビスマルク,CANDIDATE (PIZZA DB evidence name),comparison_table_sample,bismarck,DIVERGENT,egg ham mozzarella mushroom tomato-sauce,,tomato-sauce,1,mozzarella,1,egg ham mushroom,3,True,VALID_NOW,CANDIDATE_ONLY,egg,2,MISSING,False,candidate:ZONED_PLACEMENT,,CURRENT_ENGINE,NO,NO,NO,NO,NO,NO,NO,NO,NO,NO,NO,candidate:ZONED_PLACEMENT,EXPRESSIBLE_NOW,E,EB,COMPOSITION_CONFLICT_SHIPPED | HINT5_KEY_SUB_AUTHORING | RECIPE_AUTHORING_VALUES,OD-AM-1 | OD-AM-5 | OD-AM-7 | OD-AM-9,SHIPPED_AS_DIFFERENT_COMPOSITION (bismarck); Owner decision before any change
pizza-alla-crudaiola-pizzadb-p8,ピッツァ・アッラ・クルダイオーラ,CANDIDATE (PIZZA DB evidence name),comparison_table_sample,,NONE,arugula burrata fresh-tomato mozzarella olive-oil tomato-sauce,,olive-oil tomato-sauce,2,burrata mozzarella,2,arugula fresh-tomato,2,False,DATA_ONLY_AFTER_HCG,MISSING,,,MISSING,False,MULTI_SPREAD_LAYER,CS-6 (=TQ-3),MAJOR,NO,NO,NO,NO,REQUIRED,NO,NO,NO,NO,NO,NO,,NOT_EXPRESSIBLE,D,DB,HINT5_KEY_SUB_AUTHORING | MULTI_SPREAD_LAYER | NEW_INGREDIENT_DATA | RECIPE_AUTHORING_VALUES | TAXONOMY_ROWS_AFTER_HCG,OD-AM-7 | OD-AM-9,CANDIDATE: after CS-6 / TQ-3 + OD-W2-9 (W2-D)
pizza-asparagi-limone-pizzadb-p8,ピッツァ・コン・アスパラージ・クルーディ・エ・リモーネ,CANDIDATE (PIZZA DB evidence name),comparison_table_sample,,NONE,asparagus lemon mozzarella olive-oil parmigiano,,olive-oil,1,mozzarella parmigiano,2,asparagus lemon,2,False,DATA_ONLY_AFTER_HCG,MISSING,,,MISSING,False,NO_SAUCE | candidate:LATE_ADDITION,none (PR #295: DATA_ONLY after TQ-1D),AUTHORITY_GAP,REQUIRED,NO,NO,CANDIDATE,NO,NO,NO,NO,NO,NO,NO,,NOT_EXPRESSIBLE,E,ECB,HINT5_KEY_SUB_AUTHORING | MECHANIC_INTERPRETATION | NEW_INGREDIENT_DATA | NO_SAUCE | RECIPE_AUTHORING_VALUES | TAXONOMY_ROWS_AFTER_HCG,OD-AM-4 | OD-AM-7 | OD-AM-8 | OD-AM-9,BLOCKED: authority / Owner decision first
pizza-carciofi-salad-pizzadb-p8,ピッツァ・コン・インサラータ・ディ・カルチョーフィ,CANDIDATE (PIZZA DB evidence name),comparison_table_sample,,NONE,artichoke celery lemon mozzarella olive-oil parmigiano,,olive-oil,1,mozzarella parmigiano,2,artichoke celery lemon,3,False,DATA_ONLY_AFTER_HCG,MISSING,,,MISSING,False,DOUGH_VARIANT | NO_SAUCE | candidate:LATE_ADDITION,CS-7 | none (PR #295: DATA_ONLY after TQ-1D),AUTHORITY_GAP,REQUIRED,NO,NO,CANDIDATE,NO,REQUIRED,NO,NO,NO,NO,NO,,NOT_EXPRESSIBLE,E,ECB,DOUGH_VARIANT | HINT5_KEY_SUB_AUTHORING | MECHANIC_INTERPRETATION | NEW_INGREDIENT_DATA | NO_SAUCE | RECIPE_AUTHORING_VALUES | TAXONOMY_ROWS_AFTER_HCG,OD-AM-4 | OD-AM-7 | OD-AM-8 | OD-AM-9,BLOCKED: authority / Owner decision first
pizza-finocchi-salad-pizzadb-p8,ピッツァ・コン・インサラータ・ディ・フィノッキ,CANDIDATE (PIZZA DB evidence name),comparison_table_sample,,NONE,black-olive fennel mint mozzarella olive-oil orange,,olive-oil,1,mozzarella,1,black-olive fennel mint orange,4,False,NEEDS_HCG_DECISION,MISSING,,,MISSING,False,NO_SAUCE | candidate:LATE_ADDITION,none (PR #295: DATA_ONLY after TQ-1D),AUTHORITY_GAP,REQUIRED,NO,NO,CANDIDATE,NO,NO,NO,NO,NO,NO,NO,,NOT_EXPRESSIBLE,F,FECB,HINT5_KEY_SUB_AUTHORING | MECHANIC_INTERPRETATION | NEW_INGREDIENT_DATA | NO_SAUCE | RECIPE_AUTHORING_VALUES | TAXONOMY_NEEDS_HCG_DECISION,OD-AM-4 | OD-AM-6 | OD-AM-7 | OD-AM-8 | OD-AM-9,BLOCKED: HCG / canonicalization first
pizza-cavolo-carote-pizzadb-p8,ピッツァ・コン・カーヴォロ・ロッソ・エ・カローテ,CANDIDATE (PIZZA DB evidence name),comparison_table_sample,,NONE,carrot lemon mozzarella olive-oil red-cabbage sunflower-seeds,,olive-oil,1,mozzarella,1,carrot lemon red-cabbage sunflower-seeds,4,False,NEEDS_HCG_DECISION,MISSING,,,MISSING,False,NO_SAUCE | candidate:LATE_ADDITION,none (PR #295: DATA_ONLY after TQ-1D),AUTHORITY_GAP,REQUIRED,NO,NO,CANDIDATE,NO,NO,NO,NO,NO,NO,NO,,NOT_EXPRESSIBLE,F,FECB,HINT5_KEY_SUB_AUTHORING | MECHANIC_INTERPRETATION | NEW_INGREDIENT_DATA | NO_SAUCE | RECIPE_AUTHORING_VALUES | TAXONOMY_NEEDS_HCG_DECISION,OD-AM-4 | OD-AM-6 | OD-AM-7 | OD-AM-8 | OD-AM-9,BLOCKED: HCG / canonicalization first
pizza-zucchine-menta-pizzadb-p8,ピッツァ・コン・ズッキーネ・クルーデ・エ・メンタ,CANDIDATE (PIZZA DB evidence name),comparison_table_sample,,NONE,lemon mint mozzarella olive-oil ricotta zucchini,,olive-oil,1,mozzarella ricotta,2,lemon mint zucchini,3,False,DATA_ONLY_AFTER_HCG,MISSING,,,MISSING,False,NO_SAUCE | candidate:LATE_ADDITION,none (PR #295: DATA_ONLY after TQ-1D),AUTHORITY_GAP,REQUIRED,NO,NO,CANDIDATE,NO,NO,NO,NO,NO,NO,NO,,NOT_EXPRESSIBLE,E,ECB,HINT5_KEY_SUB_AUTHORING | MECHANIC_INTERPRETATION | NEW_INGREDIENT_DATA | NO_SAUCE | RECIPE_AUTHORING_VALUES | TAXONOMY_ROWS_AFTER_HCG,OD-AM-4 | OD-AM-7 | OD-AM-8 | OD-AM-9,BLOCKED: authority / Owner decision first
pizza-cicoria-limone-pizzadb-p8,ピッツァ・コン・チコリア・エ・リモーネ,CANDIDATE (PIZZA DB evidence name),comparison_table_sample,,NONE,chicory garlic lemon olive-oil pecorino,唐辛子,olive-oil,1,pecorino,1,chicory garlic lemon 唐辛子,4,False,UNRESOLVED_TOPPING_TOKEN,CANDIDATE_ONLY,chicory,3,MISSING,False,DOUGH_VARIANT | NO_SAUCE | candidate:LATE_ADDITION,CS-7 | none (PR #295: DATA_ONLY after TQ-1D),AUTHORITY_GAP,REQUIRED,UNKNOWN,UNKNOWN,CANDIDATE,NO,REQUIRED,NO,NO,NO,NO,NO,,NOT_EXPRESSIBLE,F,FECB,DOUGH_VARIANT | HINT5_KEY_SUB_AUTHORING | MECHANIC_INTERPRETATION | NEW_INGREDIENT_DATA | NO_SAUCE | RECIPE_AUTHORING_VALUES | UNRESOLVED_INGREDIENT_TOKEN,OD-AM-4 | OD-AM-6 | OD-AM-7 | OD-AM-8 | OD-AM-9,BLOCKED: HCG / canonicalization first
pizza-puntarelle-pizzadb-p8,ピッツァ・コン・プンタレッレ,CANDIDATE (PIZZA DB evidence name),comparison_table_sample,,NONE,anchovy lemon mozzarella olive-oil puntarelle,,olive-oil,1,mozzarella,1,anchovy lemon puntarelle,3,False,NEEDS_HCG_DECISION,CANDIDATE_ONLY,puntarelle,2,MISSING,False,DOUGH_VARIANT | NO_SAUCE | candidate:LATE_ADDITION,CS-7 | none (PR #295: DATA_ONLY after TQ-1D),AUTHORITY_GAP,REQUIRED,NO,NO,CANDIDATE,NO,REQUIRED,NO,NO,NO,NO,NO,,NOT_EXPRESSIBLE,F,FECB,DOUGH_VARIANT | HINT5_KEY_SUB_AUTHORING | MECHANIC_INTERPRETATION | NEW_INGREDIENT_DATA | NO_SAUCE | RECIPE_AUTHORING_VALUES | TAXONOMY_NEEDS_HCG_DECISION,OD-AM-4 | OD-AM-6 | OD-AM-7 | OD-AM-8 | OD-AM-9,BLOCKED: HCG / canonicalization first
pizza-radicchio-noci-pizzadb-p8,ピッツァ・コン・ラディッキオ・クルード・エ・ノーチ,CANDIDATE (PIZZA DB evidence name),comparison_table_sample,,NONE,balsamic-vinegar mozzarella olive-oil radicchio walnut,,balsamic-vinegar olive-oil,2,mozzarella,1,radicchio walnut,2,False,NEEDS_HCG_DECISION,CANDIDATE_ONLY,radicchio,1,FORCED_1_SUB (candidate),False,MULTI_SPREAD_LAYER | NO_SAUCE | candidate:LATE_ADDITION,CS-6 (=TQ-3) | none (PR #295: DATA_ONLY after TQ-1D),AUTHORITY_GAP,REQUIRED,NO,NO,CANDIDATE,REQUIRED,NO,NO,NO,NO,NO,NO,,NOT_EXPRESSIBLE,F,FEDCB,HINT5_KEY_SUB_AUTHORING | MECHANIC_INTERPRETATION | MULTI_SPREAD_LAYER | NEW_INGREDIENT_DATA | NO_SAUCE | RECIPE_AUTHORING_VALUES | TAXONOMY_NEEDS_HCG_DECISION,OD-AM-4 | OD-AM-6 | OD-AM-7 | OD-AM-8 | OD-AM-9,BLOCKED: HCG / canonicalization first
pizza-chilena-pizzadb-p8,ピッツァ・チレーナ,CANDIDATE (PIZZA DB evidence name),comparison_table_sample,,NONE,black-olive egg mozzarella onion,ひき肉,,0,mozzarella,1,black-olive egg onion ひき肉,4,False,UNRESOLVED_TOPPING_TOKEN,MISSING,,,MISSING,False,,,CURRENT_ENGINE,NO,UNKNOWN,UNKNOWN,NO,NO,NO,NO,NO,NO,NO,NO,,NOT_EXPRESSIBLE,F,FB,HINT5_KEY_SUB_AUTHORING | RECIPE_AUTHORING_VALUES | UNRESOLVED_INGREDIENT_TOKEN,OD-AM-6 | OD-AM-7,BLOCKED: HCG / canonicalization first
pizza-portuguesa-pizzadb-p9,ピッツァ・ポルトゲーザ,RUNTIME,comparison_table_sample,pizza-portuguesa,EXACT,black-olive egg ham mozzarella onion tomato-sauce,,tomato-sauce,1,mozzarella,1,black-olive egg ham onion,4,True,VALID_NOW,AUTHORITY_EXISTS,ham,3,AUTHORITY_EXISTS,True,,,CURRENT_ENGINE,NO,NO,NO,NO,NO,NO,NO,NO,NO,NO,NO,,EXPRESSIBLE_NOW,A,A,,,"SHIPPED (runtime, W1 or earlier)"
pizza-romana-pizzadb-p9,ピッツァ・ロマーナ,CANDIDATE (PIZZA DB evidence name),comparison_table_sample,,NONE,anchovy capers mozzarella oregano tomato-sauce,,tomato-sauce,1,mozzarella,1,anchovy capers oregano,3,True,VALID_NOW,MISSING,,,MISSING,False,DOUGH_VARIANT,CS-7,SMALL_ENGINE,NO,NO,NO,NO,NO,REQUIRED,NO,NO,NO,NO,NO,,NOT_EXPRESSIBLE,E,ECB,COMPOSITION_CONFLICT_CANDIDATE | DOUGH_VARIANT | HINT5_KEY_SUB_AUTHORING | RECIPE_AUTHORING_VALUES,OD-AM-3 | OD-AM-7,BLOCKED: authority / Owner decision first
pizza-alla-norma-pizzadb-p9,ピッツァアッラノルマ,CANDIDATE (PIZZA DB evidence name),comparison_table_sample,,NONE,basil eggplant ricotta-salata tomato-sauce,,tomato-sauce,1,ricotta-salata,1,basil eggplant,2,True,VALID_NOW,MISSING,,,MISSING,False,,,DATA_ONLY,NO,NO,NO,NO,NO,NO,NO,NO,NO,NO,NO,,EXPRESSIBLE_WITH_DATA_ONLY,E,EB,COMPOSITION_CONFLICT_CANDIDATE | HINT5_KEY_SUB_AUTHORING | NEW_INGREDIENT_DATA | RECIPE_AUTHORING_VALUES,OD-AM-3 | OD-AM-7,BLOCKED: authority / Owner decision first
pizza-al-taglio-romana-pizzadb-p9,ピッツァアルタリオローマーナ,CANDIDATE (PIZZA DB evidence name),comparison_table_sample,,NONE,basil mozzarella tomato-sauce,,tomato-sauce,1,mozzarella,1,basil,1,True,VALID_NOW,CANDIDATE_ONLY,basil,0,NOT_NEEDED_0_SUBS,False,DOUGH_VARIANT | PAN_BAKE | DOUGH_SHAPE_TARGET,CS-7 | CS-9+,MAJOR,NO,NO,NO,NO,NO,REQUIRED,REQUIRED,NO,NO,NO,NO,DOUGH_SHAPE_TARGET,NOT_EXPRESSIBLE,D,DCB,DOUGH_SHAPE_TARGET | DOUGH_VARIANT | HINT5_KEY_SUB_AUTHORING | PAN_BAKE | RECIPE_AUTHORING_VALUES,OD-AM-5 | OD-AM-7,CANDIDATE: after CS-7 + CS-9+ major
pizza-feta-eliniki-pizzadb-p9,ピッツァフェッタエッリニキ,CANDIDATE (PIZZA DB evidence name),comparison_table_sample,,NONE,black-olive feta fresh-tomato olive-oil oregano,,olive-oil,1,feta,1,black-olive fresh-tomato oregano,3,True,VALID_NOW,MISSING,,,MISSING,False,NO_SAUCE,none (PR #295: DATA_ONLY after TQ-1D),DATA_ONLY,REQUIRED,NO,NO,NO,NO,NO,NO,NO,NO,NO,NO,,NOT_EXPRESSIBLE,C,CB,HINT5_KEY_SUB_AUTHORING | NEW_INGREDIENT_DATA | NO_SAUCE | RECIPE_AUTHORING_VALUES,OD-AM-7 | OD-AM-8,CANDIDATE: after TQ-1D + OD-W2-8 (W2-C)
pizza-fritta-pizzadb-p9,ピッツァフリッタ,CANDIDATE (PIZZA DB evidence name),comparison_table_sample,,NONE,mozzarella pork ricotta tomato-sauce,,tomato-sauce,1,mozzarella ricotta,2,pork,1,False,DATA_ONLY_AFTER_HCG,CANDIDATE_ONLY,pork,0,NOT_NEEDED_0_SUBS,False,FRY_COOK | NO_CUT_OR_CUT_UNSPECIFIED,CS-9+ | none (data: CUT profile),MAJOR,NO,NO,NO,NO,NO,NO,NO,NO,NO,NO,REQUIRED,NO_CUT_OR_CUT_UNSPECIFIED,NOT_EXPRESSIBLE,D,DB,CUT_PROFILE | FRY_COOK | HINT5_KEY_SUB_AUTHORING | NEW_INGREDIENT_DATA | RECIPE_AUTHORING_VALUES | TAXONOMY_ROWS_AFTER_HCG,OD-AM-7,CANDIDATE: after CS-9+ major
pizza-moscow-pizzadb-p9,ピッツァモスクワ,CANDIDATE (PIZZA DB evidence name),comparison_table_sample,,NONE,mozzarella onion salmon sardine tuna,,,0,mozzarella,1,onion salmon sardine tuna,4,False,DATA_ONLY_AFTER_HCG,MISSING,,,MISSING,False,NO_SAUCE,none (PR #295: DATA_ONLY after TQ-1D),DATA_ONLY,REQUIRED,NO,NO,NO,NO,NO,NO,NO,NO,NO,NO,,NOT_EXPRESSIBLE,C,CB,HINT5_KEY_SUB_AUTHORING | NEW_INGREDIENT_DATA | NO_SAUCE | RECIPE_AUTHORING_VALUES | TAXONOMY_ROWS_AFTER_HCG,OD-AM-7 | OD-AM-8,CANDIDATE: after TQ-1D + OD-W2-8 (W2-C)
pinsa-romana-pizzadb-p9,ピンサロマーナ,CANDIDATE (PIZZA DB evidence name),comparison_table_sample,,NONE,arugula mozzarella prosciutto-crudo tomato-sauce,,tomato-sauce,1,mozzarella,1,arugula prosciutto-crudo,2,False,DATA_ONLY_AFTER_HCG,MISSING,,,MISSING,False,DOUGH_VARIANT,CS-7,SMALL_ENGINE,NO,NO,NO,NO,NO,REQUIRED,NO,NO,NO,NO,NO,,NOT_EXPRESSIBLE,C,CB,DOUGH_VARIANT | HINT5_KEY_SUB_AUTHORING | NEW_INGREDIENT_DATA | RECIPE_AUTHORING_VALUES | TAXONOMY_ROWS_AFTER_HCG,OD-AM-7,CANDIDATE: after CS-7
fathead-pizza-keto-pizzadb-p9,ファットヘッドピザ（ケト風）,CANDIDATE (PIZZA DB evidence name),comparison_table_sample,,NONE,mozzarella pepperoni tomato-sauce,,tomato-sauce,1,mozzarella,1,pepperoni,1,True,VALID_NOW,CANDIDATE_ONLY,pepperoni,0,NOT_NEEDED_0_SUBS,False,DOUGH_VARIANT,CS-7,SMALL_ENGINE,NO,NO,NO,NO,NO,REQUIRED,NO,NO,NO,NO,NO,,NOT_EXPRESSIBLE,C,CB,DOUGH_VARIANT | HINT5_KEY_SUB_AUTHORING | RECIPE_AUTHORING_VALUES,OD-AM-5 | OD-AM-7,CANDIDATE: after CS-7
philly-cheesesteak-pizza-pizzadb-p9,フィリーチーズステーキピザ,CANDIDATE (PIZZA DB evidence name),comparison_table_sample,,NONE,beef green-pepper onion,チーズソース,,0,,0,beef green-pepper onion,3,False,NEEDS_HCG_DECISION,MISSING,,,MISSING,False,NO_SAUCE,none (PR #295: DATA_ONLY after TQ-1D),DATA_ONLY,REQUIRED,UNKNOWN,UNKNOWN,NO,NO,NO,NO,NO,NO,NO,NO,,NOT_EXPRESSIBLE,F,FCB,HINT5_KEY_SUB_AUTHORING | NEW_INGREDIENT_DATA | NEW_PAINT_SAUCE_PROFILE | NO_SAUCE | RECIPE_AUTHORING_VALUES | TAXONOMY_NEEDS_HCG_DECISION | UNRESOLVED_INGREDIENT_TOKEN,OD-AM-6 | OD-AM-7 | OD-AM-8,BLOCKED: HCG / canonicalization first
poutine-pizza-pizzadb-p10,プーティンピザ,CANDIDATE (PIZZA DB evidence name),comparison_table_sample,,NONE,cheese-curd french-fries gravy-sauce mozzarella,,gravy-sauce,1,cheese-curd mozzarella,2,french-fries,1,False,NEEDS_HCG_DECISION,CANDIDATE_ONLY,french-fries,0,NOT_NEEDED_0_SUBS,False,DOUGH_VARIANT,CS-7,SMALL_ENGINE,NO,NO,NO,NO,NO,REQUIRED,NO,NO,NO,NO,NO,,NOT_EXPRESSIBLE,F,FCB,DOUGH_VARIANT | HINT5_KEY_SUB_AUTHORING | NEW_INGREDIENT_DATA | NEW_PAINT_SAUCE_PROFILE | RECIPE_AUTHORING_VALUES | TAXONOMY_NEEDS_HCG_DECISION,OD-AM-6 | OD-AM-7,BLOCKED: HCG / canonicalization first
feteer-meshaltet-pizzadb-p10,フェテイールメシャルテル,CANDIDATE (PIZZA DB evidence name),comparison_table_sample,,NONE,condensed-milk honey melted-butter,ひき肉,honey melted-butter,2,,0,condensed-milk ひき肉,2,False,UNRESOLVED_TOPPING_TOKEN,MISSING,,,MISSING,False,MULTI_SPREAD_LAYER | LAMINATE | NO_CUT_OR_CUT_UNSPECIFIED,CS-6 (=TQ-3) | CS-9+ | none (data: CUT profile),AUTHORITY_GAP,UNKNOWN,UNKNOWN,UNKNOWN,NO,REQUIRED,NO,NO,NO,NO,NO,NO,LAMINATE NO_CUT_OR_CUT_UNSPECIFIED,NOT_EXPRESSIBLE,F,FEDB,BASE_SAUCE_UNSPECIFIED | CUT_PROFILE | HINT5_KEY_SUB_AUTHORING | LAMINATE | MULTI_SPREAD_LAYER | NEW_INGREDIENT_DATA | RECIPE_AUTHORING_VALUES | SCOPE_QUESTION | UNRESOLVED_INGREDIENT_TOKEN,OD-AM-2 | OD-AM-4 | OD-AM-6 | OD-AM-7 | OD-AM-9,BLOCKED: HCG / canonicalization first
focaccia-genovese-pizzadb-p10,フォカッチャジェノヴェーゼ,CANDIDATE (PIZZA DB evidence name),comparison_table_sample,,NONE,olive-oil rock-salt rosemary,,olive-oil,1,,0,rock-salt rosemary,2,False,NEEDS_HCG_DECISION,MISSING,,,MISSING,False,DOUGH_VARIANT,CS-7,AUTHORITY_GAP,NO,REQUIRED,NO,NO,NO,REQUIRED,NO,NO,NO,NO,NO,,NOT_EXPRESSIBLE,F,FECB,DOUGH_VARIANT | HINT5_KEY_SUB_AUTHORING | NEW_INGREDIENT_DATA | RECIPE_AUTHORING_VALUES | SCOPE_QUESTION | TAXONOMY_NEEDS_HCG_DECISION,OD-AM-4 | OD-AM-6 | OD-AM-7 | OD-AM-8,BLOCKED: HCG / canonicalization first
fugazza-pizzadb-p10,フガザ,CANDIDATE (PIZZA DB evidence name),comparison_table_sample,fugazza,DIVERGENT,mozzarella onion oregano,,,0,mozzarella,1,onion oregano,2,True,VALID_NOW,CANDIDATE_ONLY,onion,1,FORCED_1_SUB (candidate),False,DOUGH_VARIANT | NO_SAUCE,CS-7 | none (PR #295: DATA_ONLY after TQ-1D),SMALL_ENGINE,REQUIRED,NO,NO,NO,NO,REQUIRED,NO,NO,NO,NO,NO,,NOT_EXPRESSIBLE,E,ECB,COMPOSITION_CONFLICT_SHIPPED | DISCOVERY_COLLISION | DOUGH_VARIANT | HINT5_KEY_SUB_AUTHORING | NO_SAUCE | RECIPE_AUTHORING_VALUES,OD-AM-1 | OD-AM-4 | OD-AM-7 | OD-AM-8,SHIPPED_AS_DIFFERENT_COMPOSITION (fugazza); Owner decision before any change
fugazzetta-pizzadb-p10,フガゼッタ,CANDIDATE (PIZZA DB evidence name),comparison_table_sample,,NONE,mozzarella onion oregano,,,0,mozzarella,1,onion oregano,2,True,VALID_NOW,MISSING,,,MISSING,False,DOUGH_VARIANT | NO_SAUCE,CS-7 | none (PR #295: DATA_ONLY after TQ-1D),SMALL_ENGINE,REQUIRED,NO,NO,NO,NO,REQUIRED,NO,NO,NO,NO,NO,,NOT_EXPRESSIBLE,E,ECB,COMPOSITION_CONFLICT_CANDIDATE | DISCOVERY_COLLISION | DOUGH_VARIANT | HINT5_KEY_SUB_AUTHORING | NO_SAUCE | RECIPE_AUTHORING_VALUES,OD-AM-3 | OD-AM-4 | OD-AM-7 | OD-AM-8,BLOCKED: authority / Owner decision first
puttanesca-pizza-pizzadb-p10,プッタネスカ,RUNTIME,comparison_table_sample,puttanesca-pizza,EXACT,anchovy black-olive capers garlic tomato-sauce,,tomato-sauce,1,,0,anchovy black-olive capers garlic,4,True,VALID_NOW,AUTHORITY_EXISTS,anchovy,3,AUTHORITY_EXISTS,True,,,CURRENT_ENGINE,NO,REQUIRED,NO,NO,NO,NO,NO,NO,NO,NO,NO,,EXPRESSIBLE_NOW,A,A,,OD-AM-8,"SHIPPED (runtime, W1 or earlier)"
burrata-pizza-pizzadb-p10,ブラータピザ,CANDIDATE (PIZZA DB evidence name),comparison_table_sample,,NONE,basil burrata olive-oil tomato-sauce,,olive-oil tomato-sauce,2,burrata,1,basil,1,True,VALID_NOW,CANDIDATE_ONLY,basil,0,NOT_NEEDED_0_SUBS,False,MULTI_SPREAD_LAYER,CS-6 (=TQ-3),MAJOR,NO,NO,NO,NO,REQUIRED,NO,NO,NO,NO,NO,NO,,NOT_EXPRESSIBLE,D,DB,HINT5_KEY_SUB_AUTHORING | MULTI_SPREAD_LAYER | NEW_INGREDIENT_DATA | RECIPE_AUTHORING_VALUES,OD-AM-7 | OD-AM-9,CANDIDATE: after CS-6 / TQ-3 + OD-W2-9 (W2-D) (listed in Wave 2 options ['W2-D_DRIZZLE_MULTI_SPREAD'])
brazilian-calabresa-pizzadb-p10,ブラジリアン・カラブレーザ,CANDIDATE (PIZZA DB evidence name),comparison_table_sample,,NONE,black-olive onion oregano sausage tomato-sauce,,tomato-sauce,1,,0,black-olive onion oregano sausage,4,True,VALID_NOW,MISSING,,,MISSING,False,,,CURRENT_ENGINE,NO,REQUIRED,NO,NO,NO,NO,NO,NO,NO,NO,NO,,EXPRESSIBLE_NOW,B,B,HINT5_KEY_SUB_AUTHORING | RECIPE_AUTHORING_VALUES,OD-AM-5 | OD-AM-7 | OD-AM-8,"W2-A (approved authoring set; OD-W2-3/6, A1..A8; branch not merged)"
brazilian-catupiry-corn-pizza-pizzadb-p10,ブラジリアンカトゥピリコーンピザ,CANDIDATE (PIZZA DB evidence name),comparison_table_sample,,NONE,catupiry corn mozzarella,,,0,catupiry mozzarella,2,corn,1,True,NEEDS_HCG_DECISION,CANDIDATE_ONLY,corn,0,NOT_NEEDED_0_SUBS,False,NO_SAUCE,none (PR #295: DATA_ONLY after TQ-1D),DATA_ONLY,REQUIRED,NO,NO,NO,NO,NO,NO,NO,NO,NO,NO,,NOT_EXPRESSIBLE,F,FCB,HINT5_KEY_SUB_AUTHORING | NEW_INGREDIENT_DATA | NO_SAUCE | RECIPE_AUTHORING_VALUES | TAXONOMY_NEEDS_HCG_DECISION,OD-AM-6 | OD-AM-7 | OD-AM-8,BLOCKED: HCG / canonicalization first
frango-catupiry-pizzadb-p10,フランゴ・コン・カトゥピリ,CANDIDATE (PIZZA DB evidence name),comparison_table_sample,,NONE,catupiry chicken mozzarella oregano,,,0,catupiry mozzarella,2,chicken oregano,2,False,NEEDS_HCG_DECISION,MISSING,,,MISSING,False,NO_SAUCE,none (PR #295: DATA_ONLY after TQ-1D),DATA_ONLY,REQUIRED,NO,NO,NO,NO,NO,NO,NO,NO,NO,NO,,NOT_EXPRESSIBLE,F,FCB,HINT5_KEY_SUB_AUTHORING | NEW_INGREDIENT_DATA | NO_SAUCE | RECIPE_AUTHORING_VALUES | TAXONOMY_NEEDS_HCG_DECISION,OD-AM-6 | OD-AM-7 | OD-AM-8,BLOCKED: HCG / canonicalization first
full-english-pizza-pizzadb-p10,フルイングリッシュピザ,CANDIDATE (PIZZA DB evidence name),comparison_table_sample,,NONE,bacon baked-beans egg mozzarella sausage,,,0,mozzarella,1,bacon baked-beans egg sausage,4,False,NEEDS_HCG_DECISION,MISSING,,,MISSING,False,NO_SAUCE,none (PR #295: DATA_ONLY after TQ-1D),DATA_ONLY,REQUIRED,NO,NO,NO,NO,NO,NO,NO,NO,NO,NO,,NOT_EXPRESSIBLE,F,FCB,HINT5_KEY_SUB_AUTHORING | NEW_INGREDIENT_DATA | NO_SAUCE | RECIPE_AUTHORING_VALUES | TAXONOMY_NEEDS_HCG_DECISION,OD-AM-6 | OD-AM-7 | OD-AM-8,BLOCKED: HCG / canonicalization first
fruit-dessert-pizza-pizzadb-p11,フルーツデザートピザ,CANDIDATE (PIZZA DB evidence name),comparison_table_sample,,NONE,blueberry cream-cheese kiwi strawberry,,,0,cream-cheese,1,blueberry kiwi strawberry,3,False,DATA_ONLY_AFTER_HCG,MISSING,,,MISSING,False,DOUGH_VARIANT,CS-7,AUTHORITY_GAP,UNKNOWN,UNKNOWN,UNKNOWN,NO,NO,REQUIRED,NO,NO,NO,NO,NO,,NOT_EXPRESSIBLE,E,ECB,BASE_SAUCE_UNSPECIFIED | DOUGH_VARIANT | HINT5_KEY_SUB_AUTHORING | NEW_INGREDIENT_DATA | RECIPE_AUTHORING_VALUES | TAXONOMY_ROWS_AFTER_HCG,OD-AM-2 | OD-AM-7,BLOCKED: authority / Owner decision first
bulgogi-pizza-pizzadb-p11,プルコギピザ,CANDIDATE (PIZZA DB evidence name),comparison_table_sample,,NONE,beef mozzarella onion white-sesame,,,0,mozzarella,1,beef onion white-sesame,3,False,NEEDS_HCG_DECISION,MISSING,,,MISSING,False,,,AUTHORITY_GAP,UNKNOWN,UNKNOWN,UNKNOWN,NO,NO,NO,NO,NO,NO,NO,NO,,NOT_EXPRESSIBLE,F,FEB,BASE_SAUCE_UNSPECIFIED | HINT5_KEY_SUB_AUTHORING | NEW_INGREDIENT_DATA | RECIPE_AUTHORING_VALUES | TAXONOMY_NEEDS_HCG_DECISION,OD-AM-2 | OD-AM-6 | OD-AM-7,BLOCKED: HCG / canonicalization first
frutti-di-mare-pizzadb-p11,フルッティディマーレ,CANDIDATE (PIZZA DB evidence name),comparison_table_sample,,NONE,clam mussel shrimp squid tomato-sauce,,tomato-sauce,1,,0,clam mussel shrimp squid,4,False,DATA_ONLY_AFTER_HCG,MISSING,,,MISSING,False,,,DATA_ONLY,NO,REQUIRED,NO,NO,NO,NO,NO,NO,NO,NO,NO,,EXPRESSIBLE_WITH_DATA_ONLY,E,EB,COMPOSITION_CONFLICT_CANDIDATE | HINT5_KEY_SUB_AUTHORING | NEW_INGREDIENT_DATA | RECIPE_AUTHORING_VALUES | TAXONOMY_ROWS_AFTER_HCG,OD-AM-3 | OD-AM-5 | OD-AM-7 | OD-AM-8,BLOCKED: authority / Owner decision first
breakfast-pizza-pizzadb-p11,ブレックファーストピザ,CANDIDATE (PIZZA DB evidence name),comparison_table_sample,breakfast-pizza,DIVERGENT,bacon cheddar egg sausage,ホワイトソース,,0,cheddar,1,bacon egg sausage,3,True,VALID_NOW,CANDIDATE_ONLY,bacon,2,MISSING,False,,,AUTHORITY_GAP,UNKNOWN,UNKNOWN,UNKNOWN,NO,NO,NO,NO,NO,NO,NO,NO,,NOT_EXPRESSIBLE,F,FEB,COMPOSITION_CONFLICT_SHIPPED | HINT5_KEY_SUB_AUTHORING | NEW_INGREDIENT_DATA | RECIPE_AUTHORING_VALUES | UNRESOLVED_INGREDIENT_TOKEN,OD-AM-1 | OD-AM-6 | OD-AM-7,SHIPPED_AS_DIFFERENT_COMPOSITION (breakfast-pizza); Owner decision before any change
prosciutto-funghi-pizzadb-p11,プロシュットフンギ,CANDIDATE (PIZZA DB evidence name),comparison_table_sample,,NONE,mozzarella mushroom prosciutto-crudo tomato-sauce,,tomato-sauce,1,mozzarella,1,mushroom prosciutto-crudo,2,False,DATA_ONLY_AFTER_HCG,MISSING,,,MISSING,False,,,DATA_ONLY,NO,NO,NO,NO,NO,NO,NO,NO,NO,NO,NO,,EXPRESSIBLE_WITH_DATA_ONLY,B,B,HINT5_KEY_SUB_AUTHORING | NEW_INGREDIENT_DATA | RECIPE_AUTHORING_VALUES | TAXONOMY_ROWS_AFTER_HCG,OD-AM-5 | OD-AM-7,"W2-A (approved authoring set; OD-W2-3/6, A1..A8; branch not merged)"
veggie-supreme-pizza-pizzadb-p11,ベジースプリームピザ,CANDIDATE (PIZZA DB evidence name),comparison_table_sample,,NONE,black-olive fresh-tomato green-pepper mozzarella mushroom onion tomato-sauce,,tomato-sauce,1,mozzarella,1,black-olive fresh-tomato green-pepper mushroom onion,5,False,DATA_ONLY_AFTER_HCG,MISSING,,,MISSING,False,,,DATA_ONLY,NO,NO,NO,NO,NO,NO,NO,NO,NO,NO,NO,,EXPRESSIBLE_WITH_DATA_ONLY,B,B,HINT5_KEY_SUB_AUTHORING | NEW_INGREDIENT_DATA | RECIPE_AUTHORING_VALUES | TAXONOMY_ROWS_AFTER_HCG,OD-AM-7,CANDIDATE: data-only wave after W2-A
pescatore-pizzadb-p11,ペスカトーレ,CANDIDATE (PIZZA DB evidence name),comparison_table_sample,,NONE,clam garlic mozzarella mussel olive-oil parsley shrimp tomato-sauce,,olive-oil tomato-sauce,2,mozzarella,1,clam garlic mussel parsley shrimp,5,False,DATA_ONLY_AFTER_HCG,MISSING,,,MISSING,False,MULTI_SPREAD_LAYER,CS-6 (=TQ-3),MAJOR,NO,NO,NO,NO,REQUIRED,NO,NO,NO,NO,NO,NO,,NOT_EXPRESSIBLE,D,DB,HINT5_KEY_SUB_AUTHORING | MULTI_SPREAD_LAYER | NEW_INGREDIENT_DATA | RECIPE_AUTHORING_VALUES | TAXONOMY_ROWS_AFTER_HCG,OD-AM-5 | OD-AM-7 | OD-AM-9,CANDIDATE: after CS-6 / TQ-3 + OD-W2-9 (W2-D)
pesto-caprese-pizzadb-p11,ペストカプレーゼピザ,RUNTIME,comparison_table_sample,pesto-caprese,EXACT,basil fresh-tomato mozzarella pesto,,pesto,1,mozzarella,1,basil fresh-tomato,2,True,VALID_NOW,AUTHORITY_EXISTS,fresh-tomato,1,AUTHORITY_EXISTS,True,,,CURRENT_ENGINE,NO,NO,NO,NO,NO,NO,NO,NO,NO,NO,NO,,EXPRESSIBLE_NOW,A,A,,,"SHIPPED (runtime, W1 or earlier)"
pesto-gamberi-pizzadb-p11,ペストガンベリピザ,CANDIDATE (PIZZA DB evidence name),comparison_table_sample,,NONE,fresh-tomato garlic pesto shrimp,,pesto,1,,0,fresh-tomato garlic shrimp,3,False,DATA_ONLY_AFTER_HCG,MISSING,,,MISSING,False,,,DATA_ONLY,NO,REQUIRED,NO,NO,NO,NO,NO,NO,NO,NO,NO,,EXPRESSIBLE_WITH_DATA_ONLY,B,B,HINT5_KEY_SUB_AUTHORING | NEW_INGREDIENT_DATA | RECIPE_AUTHORING_VALUES | TAXONOMY_ROWS_AFTER_HCG,OD-AM-7 | OD-AM-8,"W2-A (approved authoring set; OD-W2-3/6, A1..A8; branch not merged)"
pesto-salmone-pizzadb-p11,ペストサーモンピザ,CANDIDATE (PIZZA DB evidence name),comparison_table_sample,,NONE,cream-cheese lemon pesto salmon,,pesto,1,cream-cheese,1,lemon salmon,2,False,DATA_ONLY_AFTER_HCG,CANDIDATE_ONLY,salmon,1,FORCED_1_SUB (candidate),False,,,DATA_ONLY,NO,NO,NO,NO,NO,NO,NO,NO,NO,NO,NO,,EXPRESSIBLE_WITH_DATA_ONLY,B,B,HINT5_KEY_SUB_AUTHORING | NEW_INGREDIENT_DATA | RECIPE_AUTHORING_VALUES | TAXONOMY_ROWS_AFTER_HCG,OD-AM-7,CANDIDATE: data-only wave after W2-A
pesto-genovese-pizza-pizzadb-p11,ペストジェノヴェーゼピザ,CANDIDATE (PIZZA DB evidence name),comparison_table_sample,genovese,DIVERGENT,mozzarella pesto pine-nuts potato,,pesto,1,mozzarella,1,pine-nuts potato,2,False,DATA_ONLY_AFTER_HCG,MISSING,,,MISSING,False,,,DATA_ONLY,NO,NO,NO,NO,NO,NO,NO,NO,NO,NO,NO,,EXPRESSIBLE_WITH_DATA_ONLY,E,EB,COMPOSITION_CONFLICT_SHIPPED | HINT5_KEY_SUB_AUTHORING | NEW_INGREDIENT_DATA | RECIPE_AUTHORING_VALUES | TAXONOMY_ROWS_AFTER_HCG,OD-AM-1 | OD-AM-7,SHIPPED_AS_DIFFERENT_COMPOSITION (genovese); Owner decision before any change
pesto-trapanese-pizzadb-p11,ペストトラパネーゼピザ,CANDIDATE (PIZZA DB evidence name),comparison_table_sample,,NONE,almond fresh-tomato garlic pesto,,pesto,1,,0,almond fresh-tomato garlic,3,False,DATA_ONLY_AFTER_HCG,MISSING,,,MISSING,False,,,DATA_ONLY,NO,REQUIRED,NO,NO,NO,NO,NO,NO,NO,NO,NO,,EXPRESSIBLE_WITH_DATA_ONLY,B,B,HINT5_KEY_SUB_AUTHORING | NEW_INGREDIENT_DATA | RECIPE_AUTHORING_VALUES | TAXONOMY_ROWS_AFTER_HCG,OD-AM-7 | OD-AM-8,CANDIDATE: data-only wave after W2-A
pesto-tonno-pizzadb-p12,ペストトンノピザ,RUNTIME,comparison_table_sample,pesto-tonno,EXACT,black-olive onion pesto tuna,,pesto,1,,0,black-olive onion tuna,3,True,VALID_NOW,AUTHORITY_EXISTS,tuna,2,AUTHORITY_EXISTS,True,,,CURRENT_ENGINE,NO,REQUIRED,NO,NO,NO,NO,NO,NO,NO,NO,NO,,EXPRESSIBLE_NOW,A,A,,OD-AM-8,"SHIPPED (runtime, W1 or earlier)"
pesto-noci-pizzadb-p12,ペストノーチピザ,CANDIDATE (PIZZA DB evidence name),comparison_table_sample,,NONE,gorgonzola honey pesto walnut,,honey pesto,2,gorgonzola,1,walnut,1,False,DATA_ONLY_AFTER_HCG,CANDIDATE_ONLY,walnut,0,NOT_NEEDED_0_SUBS,False,MULTI_SPREAD_LAYER,CS-6 (=TQ-3),MAJOR,NO,NO,NO,NO,REQUIRED,NO,NO,NO,NO,NO,NO,,NOT_EXPRESSIBLE,D,DB,HINT5_KEY_SUB_AUTHORING | MULTI_SPREAD_LAYER | NEW_INGREDIENT_DATA | RECIPE_AUTHORING_VALUES | TAXONOMY_ROWS_AFTER_HCG,OD-AM-7 | OD-AM-9,CANDIDATE: after CS-6 / TQ-3 + OD-W2-9 (W2-D) (listed in Wave 2 options ['W2-D_DRIZZLE_MULTI_SPREAD'])
pesto-patate-pizzadb-p12,ペストパターテピザ,RUNTIME,comparison_table_sample,pesto-patate,EXACT,bacon mozzarella pesto potato,,pesto,1,mozzarella,1,bacon potato,2,True,VALID_NOW,AUTHORITY_EXISTS,potato,1,AUTHORITY_EXISTS,True,,,CURRENT_ENGINE,NO,NO,NO,NO,NO,NO,NO,NO,NO,NO,NO,,EXPRESSIBLE_NOW,A,A,,,"SHIPPED (runtime, W1 or earlier)"
pesto-burrata-pizzadb-p12,ペストブラータピザ,CANDIDATE (PIZZA DB evidence name),comparison_table_sample,,NONE,burrata fresh-tomato olive-oil pesto,,olive-oil pesto,2,burrata,1,fresh-tomato,1,True,VALID_NOW,CANDIDATE_ONLY,fresh-tomato,0,NOT_NEEDED_0_SUBS,False,MULTI_SPREAD_LAYER,CS-6 (=TQ-3),MAJOR,NO,NO,NO,NO,REQUIRED,NO,NO,NO,NO,NO,NO,,NOT_EXPRESSIBLE,D,DB,HINT5_KEY_SUB_AUTHORING | MULTI_SPREAD_LAYER | NEW_INGREDIENT_DATA | RECIPE_AUTHORING_VALUES,OD-AM-7 | OD-AM-9,CANDIDATE: after CS-6 / TQ-3 + OD-W2-9 (W2-D) (listed in Wave 2 options ['W2-D_DRIZZLE_MULTI_SPREAD'])
pesto-vegetariana-pizzadb-p12,ペストベジタリアーナピザ,CANDIDATE (PIZZA DB evidence name),comparison_table_sample,,NONE,bell-pepper eggplant mozzarella pesto zucchini,,pesto,1,mozzarella,1,bell-pepper eggplant zucchini,3,False,DATA_ONLY_AFTER_HCG,MISSING,,,MISSING,False,,,DATA_ONLY,NO,NO,NO,NO,NO,NO,NO,NO,NO,NO,NO,,EXPRESSIBLE_WITH_DATA_ONLY,B,B,HINT5_KEY_SUB_AUTHORING | NEW_INGREDIENT_DATA | RECIPE_AUTHORING_VALUES | TAXONOMY_ROWS_AFTER_HCG,OD-AM-7,"W2-A (approved authoring set; OD-W2-3/6, A1..A8; branch not merged)"
pesto-pollo-pizzadb-p12,ペストポッロピザ,CANDIDATE (PIZZA DB evidence name),comparison_table_sample,,NONE,chicken fresh-tomato mozzarella pesto,,pesto,1,mozzarella,1,chicken fresh-tomato,2,False,DATA_ONLY_AFTER_HCG,MISSING,,,MISSING,False,,,DATA_ONLY,NO,NO,NO,NO,NO,NO,NO,NO,NO,NO,NO,,EXPRESSIBLE_WITH_DATA_ONLY,B,B,HINT5_KEY_SUB_AUTHORING | NEW_INGREDIENT_DATA | RECIPE_AUTHORING_VALUES | TAXONOMY_ROWS_AFTER_HCG,OD-AM-7,"W2-A (approved authoring set; OD-W2-3/6, A1..A8; branch not merged)"
venezuelan-reina-pepiada-pizzadb-p12,ベネズエラレイナペピアーダピザ,CANDIDATE (PIZZA DB evidence name),comparison_table_sample,,NONE,avocado chicken cilantro mayo mozzarella,,mayo,1,mozzarella,1,avocado chicken cilantro,3,False,NEEDS_HCG_DECISION,MISSING,,,MISSING,False,candidate:MULTI_SPREAD_LAYER,,AUTHORITY_GAP,UNKNOWN,UNKNOWN,UNKNOWN,NO,CANDIDATE,NO,NO,NO,NO,NO,NO,,NOT_EXPRESSIBLE,F,FEB,BASE_SAUCE_UNSPECIFIED | HINT5_KEY_SUB_AUTHORING | NEW_INGREDIENT_DATA | RECIPE_AUTHORING_VALUES | TAXONOMY_NEEDS_HCG_DECISION,OD-AM-2 | OD-AM-5 | OD-AM-6 | OD-AM-7 | OD-AM-9,BLOCKED: HCG / canonicalization first
peruvian-aji-amarillo-pizzadb-p12,ペルーアヒアマリージョピザ,CANDIDATE (PIZZA DB evidence name),comparison_table_sample,,NONE,aji-amarillo black-olive chicken mozzarella,,,0,mozzarella,1,aji-amarillo black-olive chicken,3,False,NEEDS_HCG_DECISION,CANDIDATE_ONLY,aji-amarillo,2,MISSING,False,,,AUTHORITY_GAP,UNKNOWN,UNKNOWN,UNKNOWN,NO,NO,NO,NO,NO,NO,NO,NO,,NOT_EXPRESSIBLE,F,FEB,BASE_SAUCE_UNSPECIFIED | HINT5_KEY_SUB_AUTHORING | NEW_INGREDIENT_DATA | RECIPE_AUTHORING_VALUES | TAXONOMY_NEEDS_HCG_DECISION,OD-AM-2 | OD-AM-6 | OD-AM-7,BLOCKED: HCG / canonicalization first
polish-kielbasa-pizzadb-p12,ポーリッシュキエルバサピザ,CANDIDATE (PIZZA DB evidence name),comparison_table_sample,,NONE,mozzarella onion sauerkraut sausage,,,0,mozzarella,1,onion sauerkraut sausage,3,False,NEEDS_HCG_DECISION,MISSING,,,MISSING,False,NO_SAUCE,none (PR #295: DATA_ONLY after TQ-1D),DATA_ONLY,REQUIRED,NO,NO,NO,NO,NO,NO,NO,NO,NO,NO,,NOT_EXPRESSIBLE,F,FCB,HINT5_KEY_SUB_AUTHORING | NEW_INGREDIENT_DATA | NO_SAUCE | RECIPE_AUTHORING_VALUES | TAXONOMY_NEEDS_HCG_DECISION,OD-AM-6 | OD-AM-7 | OD-AM-8,BLOCKED: HCG / canonicalization first
boscaiola-pizzadb-p12,ボスカイオーラ,CANDIDATE (PIZZA DB evidence name),comparison_table_sample,,NONE,mozzarella olive-oil porcini sausage,,olive-oil,1,mozzarella,1,porcini sausage,2,False,DATA_ONLY_AFTER_HCG,MISSING,,,MISSING,False,NO_SAUCE,none (PR #295: DATA_ONLY after TQ-1D),DATA_ONLY,REQUIRED,NO,NO,NO,NO,NO,NO,NO,NO,NO,NO,,NOT_EXPRESSIBLE,E,ECB,COMPOSITION_CONFLICT_CANDIDATE | HINT5_KEY_SUB_AUTHORING | NEW_INGREDIENT_DATA | NO_SAUCE | RECIPE_AUTHORING_VALUES | TAXONOMY_ROWS_AFTER_HCG,OD-AM-3 | OD-AM-7 | OD-AM-8,BLOCKED: authority / Owner decision first
hot-honey-pepperoni-pizzadb-p12,ホットハニーペパロニピザ,CANDIDATE (PIZZA DB evidence name),comparison_table_sample,,NONE,honey mozzarella pepperoni tomato-sauce,,honey tomato-sauce,2,mozzarella,1,pepperoni,1,True,VALID_NOW,CANDIDATE_ONLY,pepperoni,0,NOT_NEEDED_0_SUBS,False,MULTI_SPREAD_LAYER | candidate:LATE_ADDITION,CS-6 (=TQ-3),MAJOR,NO,NO,NO,CANDIDATE,REQUIRED,NO,NO,NO,NO,NO,NO,,NOT_EXPRESSIBLE,D,DB,HINT5_KEY_SUB_AUTHORING | MULTI_SPREAD_LAYER | NEW_INGREDIENT_DATA | RECIPE_AUTHORING_VALUES,OD-AM-5 | OD-AM-7 | OD-AM-9,"CANDIDATE: after CS-6 / TQ-3 + OD-W2-9 (W2-D) (listed in Wave 2 options ['W2-D_DRIZZLE_MULTI_SPREAD', 'W2-E_EXPERIENCE_SAMPLER'])"
porchetta-pizza-pizzadb-p12,ポルケッタピザ,CANDIDATE (PIZZA DB evidence name),comparison_table_sample,,NONE,mozzarella pork rosemary,,,0,mozzarella,1,pork rosemary,2,False,DATA_ONLY_AFTER_HCG,MISSING,,,MISSING,False,NO_SAUCE,none (PR #295: DATA_ONLY after TQ-1D),DATA_ONLY,REQUIRED,NO,NO,NO,NO,NO,NO,NO,NO,NO,NO,,NOT_EXPRESSIBLE,C,CB,HINT5_KEY_SUB_AUTHORING | NEW_INGREDIENT_DATA | NO_SAUCE | RECIPE_AUTHORING_VALUES | TAXONOMY_ROWS_AFTER_HCG,OD-AM-7 | OD-AM-8,CANDIDATE: after TQ-1D + OD-W2-8 (W2-C) (listed in Wave 2 options ['W2-C_NO_SAUCE_INTRO'])
natto-pizza,納豆ピザ,CANDIDATE (PIZZA DB evidence name),individual_profile_page,,NONE,green-onion mozzarella natto nori okra,,,0,mozzarella,1,green-onion natto nori okra,4,False,NEEDS_HCG_DECISION,CANDIDATE_ONLY,natto,3,MISSING,False,LATE_ADDITION:mid_bake,CS-9+ (mid-bake),AUTHORITY_GAP,UNKNOWN,UNKNOWN,UNKNOWN,NO,NO,NO,NO,NO,NO,REQUIRED,NO,,NOT_EXPRESSIBLE,F,FEDB,BASE_SAUCE_UNSPECIFIED | HINT5_KEY_SUB_AUTHORING | LATE_ADDITION:mid_bake | NEW_INGREDIENT_DATA | RECIPE_AUTHORING_VALUES | TAXONOMY_NEEDS_HCG_DECISION,OD-AM-2 | OD-AM-6 | OD-AM-7,BLOCKED: HCG / canonicalization first
peking-duck-pizza,北京ダックピザ,CANDIDATE (PIZZA DB evidence name),individual_profile_page,,NONE,cucumber green-onion mozzarella peking-duck sweet-bean-sauce,,sweet-bean-sauce,1,mozzarella,1,cucumber green-onion peking-duck,3,False,NEEDS_HCG_DECISION,CANDIDATE_ONLY,peking-duck,2,MISSING,False,,,DATA_ONLY,NO,NO,NO,NO,NO,NO,NO,NO,NO,NO,NO,,EXPRESSIBLE_WITH_DATA_ONLY,F,FB,HINT5_KEY_SUB_AUTHORING | NEW_INGREDIENT_DATA | NEW_PAINT_SAUCE_PROFILE | RECIPE_AUTHORING_VALUES | TAXONOMY_NEEDS_HCG_DECISION,OD-AM-5 | OD-AM-6 | OD-AM-7,BLOCKED: HCG / canonicalization first
mentaiko-mochi-pizza,明太子もちピザ,CANDIDATE (PIZZA DB evidence name),individual_profile_page,,NONE,mayo mentaiko mochi nori shiso,,mayo,1,,0,mentaiko mochi nori shiso,4,False,NEEDS_HCG_DECISION,MISSING,,,MISSING,False,candidate:MULTI_SPREAD_LAYER,,AUTHORITY_GAP,UNKNOWN,UNKNOWN,UNKNOWN,NO,CANDIDATE,NO,NO,NO,NO,NO,NO,,NOT_EXPRESSIBLE,F,FEB,BASE_SAUCE_UNSPECIFIED | HINT5_KEY_SUB_AUTHORING | NEW_INGREDIENT_DATA | RECIPE_AUTHORING_VALUES | TAXONOMY_NEEDS_HCG_DECISION,OD-AM-2 | OD-AM-5 | OD-AM-6 | OD-AM-7 | OD-AM-9,BLOCKED: HCG / canonicalization first
manakish,マナキーシュ,CANDIDATE (PIZZA DB evidence name),individual_profile_page,,NONE,halloumi olive-oil zaatar,,olive-oil,1,halloumi,1,zaatar,1,False,NEEDS_HCG_DECISION,CANDIDATE_ONLY,zaatar,0,NOT_NEEDED_0_SUBS,False,DOUGH_VARIANT,CS-7,SMALL_ENGINE,NO,NO,NO,NO,NO,REQUIRED,NO,NO,NO,NO,NO,,NOT_EXPRESSIBLE,F,FCB,DOUGH_VARIANT | HINT5_KEY_SUB_AUTHORING | NEW_INGREDIENT_DATA | RECIPE_AUTHORING_VALUES | TAXONOMY_NEEDS_HCG_DECISION,OD-AM-5 | OD-AM-6 | OD-AM-7,BLOCKED: HCG / canonicalization first
yuzu-shrimp-pizza,柚子えびピザ,CANDIDATE (PIZZA DB evidence name),individual_profile_page,,NONE,mozzarella shiso shrimp yuzu-kosho,,yuzu-kosho,1,mozzarella,1,shiso shrimp,2,False,NEEDS_HCG_DECISION,MISSING,,,MISSING,False,,,DATA_ONLY,NO,NO,NO,NO,NO,NO,NO,NO,NO,NO,NO,,EXPRESSIBLE_WITH_DATA_ONLY,F,FB,HINT5_KEY_SUB_AUTHORING | NEW_INGREDIENT_DATA | NEW_PAINT_SAUCE_PROFILE | RECIPE_AUTHORING_VALUES | TAXONOMY_NEEDS_HCG_DECISION,OD-AM-6 | OD-AM-7,BLOCKED: HCG / canonicalization first
wasabi-beef-pizza,わさび牛ピザ,CANDIDATE (PIZZA DB evidence name),individual_profile_page,,NONE,beef mozzarella onion soy-sauce wasabi,,soy-sauce,1,mozzarella,1,beef onion wasabi,3,False,NEEDS_HCG_DECISION,CANDIDATE_ONLY,wasabi,2,MISSING,False,LATE_ADDITION:post_bake,CS-1 -> CS-2 -> CS-3 (=TQ-2),SMALL_ENGINE,NO,NO,NO,REQUIRED,NO,NO,NO,NO,NO,NO,NO,,NOT_EXPRESSIBLE,F,FCB,HINT5_KEY_SUB_AUTHORING | LATE_ADDITION:post_bake | NEW_INGREDIENT_DATA | NEW_PAINT_SAUCE_PROFILE | RECIPE_AUTHORING_VALUES | TAXONOMY_NEEDS_HCG_DECISION,OD-AM-6 | OD-AM-7 | OD-AM-9,BLOCKED: HCG / canonicalization first
sichuan-eggplant-pizza,四川風ナスピザ,CANDIDATE (PIZZA DB evidence name),individual_profile_page,,NONE,doubanjiang eggplant garlic green-onion mozzarella,,doubanjiang,1,mozzarella,1,eggplant garlic green-onion,3,False,NEEDS_HCG_DECISION,CANDIDATE_ONLY,eggplant,2,MISSING,False,,,DATA_ONLY,NO,NO,NO,NO,NO,NO,NO,NO,NO,NO,NO,,EXPRESSIBLE_WITH_DATA_ONLY,F,FB,HINT5_KEY_SUB_AUTHORING | NEW_INGREDIENT_DATA | NEW_PAINT_SAUCE_PROFILE | RECIPE_AUTHORING_VALUES | TAXONOMY_NEEDS_HCG_DECISION,OD-AM-6 | OD-AM-7,BLOCKED: HCG / canonicalization first
yakiniku-pizza,焼肉ピザ,CANDIDATE (PIZZA DB evidence name),individual_profile_page,,NONE,beef mozzarella onion white-sesame yakiniku-sauce,,yakiniku-sauce,1,mozzarella,1,beef onion white-sesame,3,False,NEEDS_HCG_DECISION,MISSING,,,MISSING,False,PREP_STEP,CS-9+,MAJOR,NO,NO,NO,NO,NO,NO,NO,NO,NO,NO,NO,PREP_STEP,NOT_EXPRESSIBLE,F,FDB,HINT5_KEY_SUB_AUTHORING | NEW_INGREDIENT_DATA | NEW_PAINT_SAUCE_PROFILE | PREP_STEP | RECIPE_AUTHORING_VALUES | TAXONOMY_NEEDS_HCG_DECISION,OD-AM-6 | OD-AM-7,BLOCKED: HCG / canonicalization first
pizza-de-lomo-saltado,ロモ・サルタード・ピザ,CANDIDATE (PIZZA DB evidence name),individual_profile_page,,NONE,beef french-fries fresh-tomato mozzarella onion,,,0,mozzarella,1,beef french-fries fresh-tomato onion,4,False,NEEDS_HCG_DECISION,MISSING,,,MISSING,False,PREP_STEP | LATE_ADDITION:mid_bake,CS-9+ | CS-9+ (mid-bake),AUTHORITY_GAP,UNKNOWN,UNKNOWN,UNKNOWN,NO,NO,NO,NO,NO,NO,REQUIRED,NO,PREP_STEP,NOT_EXPRESSIBLE,F,FEDB,BASE_SAUCE_UNSPECIFIED | HINT5_KEY_SUB_AUTHORING | LATE_ADDITION:mid_bake | NEW_INGREDIENT_DATA | PREP_STEP | RECIPE_AUTHORING_VALUES | TAXONOMY_NEEDS_HCG_DECISION,OD-AM-2 | OD-AM-6 | OD-AM-7,BLOCKED: HCG / canonicalization first
lahmacun,ラフマジュン,CANDIDATE (PIZZA DB evidence name),individual_profile_page,,NONE,bell-pepper fresh-tomato parsley,ひき肉 唐辛子,,0,,0,bell-pepper fresh-tomato parsley ひき肉 唐辛子,5,False,UNRESOLVED_TOPPING_TOKEN,MISSING,,,MISSING,False,DOUGH_VARIANT | MULTI_SPREAD_LAYER | candidate:LATE_ADDITION | candidate:SERVE_FORM,CS-6 (=TQ-3) | CS-7,AUTHORITY_GAP,NO,UNKNOWN,UNKNOWN,CANDIDATE,REQUIRED,REQUIRED,NO,NO,NO,NO,NO,candidate:SERVE_FORM,NOT_EXPRESSIBLE,F,FEDCB,DOUGH_VARIANT | HINT5_KEY_SUB_AUTHORING | MECHANIC_INTERPRETATION | MULTI_SPREAD_LAYER | NEW_INGREDIENT_DATA | RECIPE_AUTHORING_VALUES | UNRESOLVED_INGREDIENT_TOKEN,OD-AM-4 | OD-AM-6 | OD-AM-7 | OD-AM-9,BLOCKED: HCG / canonicalization first
porcini-pizza-pizzadb-p13,ポルチーニ茸のピザ,CANDIDATE (PIZZA DB evidence name),comparison_table_sample,,NONE,garlic mozzarella parsley porcini,,,0,mozzarella,1,garlic parsley porcini,3,False,DATA_ONLY_AFTER_HCG,CANDIDATE_ONLY,porcini,2,MISSING,False,NO_SAUCE,none (PR #295: DATA_ONLY after TQ-1D),DATA_ONLY,REQUIRED,NO,NO,NO,NO,NO,NO,NO,NO,NO,NO,,NOT_EXPRESSIBLE,E,ECB,COMPOSITION_CONFLICT_CANDIDATE | HINT5_KEY_SUB_AUTHORING | NEW_INGREDIENT_DATA | NO_SAUCE | RECIPE_AUTHORING_VALUES | TAXONOMY_ROWS_AFTER_HCG,OD-AM-3 | OD-AM-7 | OD-AM-8,BLOCKED: authority / Owner decision first
marinara-pizza-pizzadb-p13,マリナーラ,CANDIDATE (PIZZA DB evidence name),comparison_table_sample,marinara,DIVERGENT,garlic olive-oil oregano tomato-sauce,,olive-oil tomato-sauce,2,,0,garlic oregano,2,True,VALID_NOW,CANDIDATE_ONLY,garlic,1,FORCED_1_SUB (candidate),False,MULTI_SPREAD_LAYER,CS-6 (=TQ-3),MAJOR,NO,REQUIRED,NO,NO,REQUIRED,NO,NO,NO,NO,NO,NO,,NOT_EXPRESSIBLE,E,EDB,COMPOSITION_CONFLICT_SHIPPED | HINT5_KEY_SUB_AUTHORING | MULTI_SPREAD_LAYER | RECIPE_AUTHORING_VALUES,OD-AM-1 | OD-AM-7 | OD-AM-8 | OD-AM-9,SHIPPED_AS_DIFFERENT_COMPOSITION (marinara); Owner decision before any change
meat-lovers-pizza-pizzadb-p13,ミートラバーズピザ,CANDIDATE (PIZZA DB evidence name),comparison_table_sample,meat-lovers,DIVERGENT,bacon beef ham pepperoni sausage tomato-sauce,,tomato-sauce,1,,0,bacon beef ham pepperoni sausage,5,False,NEEDS_HCG_DECISION,CANDIDATE_ONLY,ham,4,MISSING,False,,,DATA_ONLY,NO,REQUIRED,NO,NO,NO,NO,NO,NO,NO,NO,NO,,EXPRESSIBLE_WITH_DATA_ONLY,F,FEB,COMPOSITION_CONFLICT_SHIPPED | HINT5_KEY_SUB_AUTHORING | NEW_INGREDIENT_DATA | RECIPE_AUTHORING_VALUES | TAXONOMY_NEEDS_HCG_DECISION,OD-AM-1 | OD-AM-6 | OD-AM-7 | OD-AM-8,SHIPPED_AS_DIFFERENT_COMPOSITION (meat-lovers); Owner decision before any change
moussaka-style-pizza-pizzadb-p13,ムサカ風ピザ,CANDIDATE (PIZZA DB evidence name),comparison_table_sample,,NONE,cinnamon eggplant feta lamb,ホワイトソース,,0,feta,1,cinnamon eggplant lamb,3,False,DATA_ONLY_AFTER_HCG,MISSING,,,MISSING,False,,,AUTHORITY_GAP,UNKNOWN,UNKNOWN,UNKNOWN,NO,NO,NO,NO,NO,NO,NO,NO,,NOT_EXPRESSIBLE,F,FB,HINT5_KEY_SUB_AUTHORING | NEW_INGREDIENT_DATA | RECIPE_AUTHORING_VALUES | TAXONOMY_ROWS_AFTER_HCG | UNRESOLVED_INGREDIENT_TOKEN,OD-AM-6 | OD-AM-7,BLOCKED: HCG / canonicalization first
mexican-elote-pizza-pizzadb-p13,メキシカンエロテピザ,CANDIDATE (PIZZA DB evidence name),comparison_table_sample,,NONE,chili-powder corn cotija lime mayo,,mayo,1,cotija,1,chili-powder corn lime,3,False,DATA_ONLY_AFTER_HCG,MISSING,,,MISSING,False,candidate:MULTI_SPREAD_LAYER,,AUTHORITY_GAP,UNKNOWN,UNKNOWN,UNKNOWN,NO,CANDIDATE,NO,NO,NO,NO,NO,NO,,NOT_EXPRESSIBLE,E,EB,BASE_SAUCE_UNSPECIFIED | HINT5_KEY_SUB_AUTHORING | NEW_INGREDIENT_DATA | RECIPE_AUTHORING_VALUES | TAXONOMY_ROWS_AFTER_HCG,OD-AM-2 | OD-AM-5 | OD-AM-7 | OD-AM-9,BLOCKED: authority / Owner decision first
melanzane-pizza-pizzadb-p13,メランザーネピザ,RUNTIME,comparison_table_sample,melanzane-pizza,EXACT,basil eggplant mozzarella tomato-sauce,,tomato-sauce,1,mozzarella,1,basil eggplant,2,True,VALID_NOW,AUTHORITY_EXISTS,eggplant,1,AUTHORITY_EXISTS,True,,,CURRENT_ENGINE,NO,NO,NO,NO,NO,NO,NO,NO,NO,NO,NO,,EXPRESSIBLE_NOW,A,A,,,"SHIPPED (runtime, W1 or earlier)"
montreal-style-pizza-pizzadb-p13,モントリオールスタイルピザ,CANDIDATE (PIZZA DB evidence name),comparison_table_sample,,NONE,mozzarella mushroom pepperoni tomato-sauce,,tomato-sauce,1,mozzarella,1,mushroom pepperoni,2,True,VALID_NOW,MISSING,,,MISSING,False,DOUGH_VARIANT | PAN_BAKE,CS-7 | CS-9+,MAJOR,NO,NO,NO,NO,NO,REQUIRED,REQUIRED,NO,NO,NO,NO,,NOT_EXPRESSIBLE,D,DCB,DOUGH_VARIANT | HINT5_KEY_SUB_AUTHORING | PAN_BAKE | RECIPE_AUTHORING_VALUES,OD-AM-7,CANDIDATE: after CS-7 + CS-9+ major
ratatouille-pizza-pizzadb-p13,ラタトゥイユピザ,CANDIDATE (PIZZA DB evidence name),comparison_table_sample,,NONE,bell-pepper eggplant oregano tomato-sauce zucchini,,tomato-sauce,1,,0,bell-pepper eggplant oregano zucchini,4,False,DATA_ONLY_AFTER_HCG,MISSING,,,MISSING,False,,,DATA_ONLY,NO,REQUIRED,NO,NO,NO,NO,NO,NO,NO,NO,NO,,EXPRESSIBLE_WITH_DATA_ONLY,B,B,HINT5_KEY_SUB_AUTHORING | NEW_INGREDIENT_DATA | RECIPE_AUTHORING_VALUES | TAXONOMY_ROWS_AFTER_HCG,OD-AM-7 | OD-AM-8,"W2-A (approved authoring set; OD-W2-3/6, A1..A8; branch not merged)"
rucola-e-grana-pizzadb-p13,ルーコラエグラーナピザ,CANDIDATE (PIZZA DB evidence name),comparison_table_sample,,NONE,arugula grana-padano prosciutto-crudo tomato-sauce,,tomato-sauce,1,grana-padano,1,arugula prosciutto-crudo,2,False,DATA_ONLY_AFTER_HCG,MISSING,,,MISSING,False,,,DATA_ONLY,NO,NO,NO,NO,NO,NO,NO,NO,NO,NO,NO,,EXPRESSIBLE_WITH_DATA_ONLY,B,B,HINT5_KEY_SUB_AUTHORING | NEW_INGREDIENT_DATA | RECIPE_AUTHORING_VALUES | TAXONOMY_ROWS_AFTER_HCG,OD-AM-7,CANDIDATE: data-only wave after W2-A
rendang-pizza-pizzadb-p14,ルンダンピザ,CANDIDATE (PIZZA DB evidence name),comparison_table_sample,,NONE,beef mozzarella onion,,,0,mozzarella,1,beef onion,2,False,NEEDS_HCG_DECISION,MISSING,,,MISSING,False,,,AUTHORITY_GAP,UNKNOWN,UNKNOWN,UNKNOWN,NO,NO,NO,NO,NO,NO,NO,NO,,NOT_EXPRESSIBLE,F,FEB,BASE_SAUCE_UNSPECIFIED | HINT5_KEY_SUB_AUTHORING | NEW_INGREDIENT_DATA | RECIPE_AUTHORING_VALUES | TAXONOMY_NEEDS_HCG_DECISION,OD-AM-2 | OD-AM-6 | OD-AM-7,BLOCKED: HCG / canonicalization first
nduja-pizza-pizzadb-p14,ンドゥイヤピザ,CANDIDATE (PIZZA DB evidence name),comparison_table_sample,,NONE,honey mozzarella sausage,,honey,1,mozzarella,1,sausage,1,True,VALID_NOW,CANDIDATE_ONLY,sausage,0,NOT_NEEDED_0_SUBS,False,candidate:MULTI_SPREAD_LAYER,,AUTHORITY_GAP,UNKNOWN,UNKNOWN,UNKNOWN,NO,CANDIDATE,NO,NO,NO,NO,NO,NO,,NOT_EXPRESSIBLE,E,EB,BASE_SAUCE_UNSPECIFIED | HINT5_KEY_SUB_AUTHORING | NEW_INGREDIENT_DATA | RECIPE_AUTHORING_VALUES,OD-AM-2 | OD-AM-5 | OD-AM-5 | OD-AM-7 | OD-AM-9,BLOCKED: authority / Owner decision first
tsukimi-pizza-pizzadb-p14,月見ピザ,CANDIDATE (PIZZA DB evidence name),comparison_table_sample,,NONE,bacon egg green-onion mozzarella,,,0,mozzarella,1,bacon egg green-onion,3,False,NEEDS_HCG_DECISION,MISSING,,,MISSING,False,NO_SAUCE,none (PR #295: DATA_ONLY after TQ-1D),DATA_ONLY,REQUIRED,NO,NO,NO,NO,NO,NO,NO,NO,NO,NO,,NOT_EXPRESSIBLE,F,FCB,HINT5_KEY_SUB_AUTHORING | NEW_INGREDIENT_DATA | NO_SAUCE | RECIPE_AUTHORING_VALUES | TAXONOMY_NEEDS_HCG_DECISION,OD-AM-6 | OD-AM-7 | OD-AM-8,BLOCKED: HCG / canonicalization first
black-truffle-pizza-pizzadb-p14,黒トリュフピザ,CANDIDATE (PIZZA DB evidence name),comparison_table_sample,,NONE,mozzarella parmigiano truffle,,,0,mozzarella parmigiano,2,truffle,1,False,NEEDS_HCG_DECISION,CANDIDATE_ONLY,truffle,0,NOT_NEEDED_0_SUBS,False,LATE_ADDITION:post_bake | NO_SAUCE,CS-1 -> CS-2 -> CS-3 (=TQ-2) | none (PR #295: DATA_ONLY after TQ-1D),SMALL_ENGINE,REQUIRED,NO,NO,REQUIRED,NO,NO,NO,NO,NO,NO,NO,,NOT_EXPRESSIBLE,F,FECB,COMPOSITION_CONFLICT_CANDIDATE | HINT5_KEY_SUB_AUTHORING | LATE_ADDITION:post_bake | NEW_INGREDIENT_DATA | NO_SAUCE | RECIPE_AUTHORING_VALUES | TAXONOMY_NEEDS_HCG_DECISION,OD-AM-3 | OD-AM-6 | OD-AM-7 | OD-AM-8 | OD-AM-9,BLOCKED: HCG / canonicalization first
teriyaki-chicken-pizza-pizzadb-p14,照り焼きチキンピザ,CANDIDATE (PIZZA DB evidence name),comparison_table_sample,,NONE,chicken mayo nori onion,,mayo,1,,0,chicken nori onion,3,False,NEEDS_HCG_DECISION,CANDIDATE_ONLY,chicken,2,MISSING,False,LATE_ADDITION:post_bake | candidate:MULTI_SPREAD_LAYER,CS-1 -> CS-2 -> CS-3 (=TQ-2),AUTHORITY_GAP,UNKNOWN,UNKNOWN,UNKNOWN,REQUIRED,CANDIDATE,NO,NO,NO,NO,NO,NO,,NOT_EXPRESSIBLE,F,FECB,BASE_SAUCE_UNSPECIFIED | COMPOSITION_CONFLICT_CANDIDATE | HINT5_KEY_SUB_AUTHORING | LATE_ADDITION:post_bake | NEW_INGREDIENT_DATA | RECIPE_AUTHORING_VALUES | TAXONOMY_NEEDS_HCG_DECISION,OD-AM-2 | OD-AM-3 | OD-AM-5 | OD-AM-6 | OD-AM-7 | OD-AM-9,BLOCKED: HCG / canonicalization first
south-african-boerewors-pizzadb-p14,南アフリカボアヴォースピザ,CANDIDATE (PIZZA DB evidence name),comparison_table_sample,,NONE,chutney mozzarella onion sausage,,chutney,1,mozzarella,1,onion sausage,2,True,NEEDS_HCG_DECISION,MISSING,,,MISSING,False,candidate:MULTI_SPREAD_LAYER,,AUTHORITY_GAP,UNKNOWN,UNKNOWN,UNKNOWN,NO,CANDIDATE,NO,NO,NO,NO,NO,NO,,NOT_EXPRESSIBLE,F,FEB,BASE_SAUCE_UNSPECIFIED | HINT5_KEY_SUB_AUTHORING | NEW_INGREDIENT_DATA | RECIPE_AUTHORING_VALUES | TAXONOMY_NEEDS_HCG_DECISION,OD-AM-2 | OD-AM-5 | OD-AM-5 | OD-AM-6 | OD-AM-7 | OD-AM-9,BLOCKED: HCG / canonicalization first
ume-shiso-pizza-pizzadb-p14,梅しそピザ,CANDIDATE (PIZZA DB evidence name),comparison_table_sample,,NONE,mozzarella shiso umeboshi-paste whitebait,,,0,mozzarella,1,shiso umeboshi-paste whitebait,3,False,NEEDS_HCG_DECISION,CANDIDATE_ONLY,shiso,2,MISSING,False,,,AUTHORITY_GAP,UNKNOWN,UNKNOWN,UNKNOWN,NO,NO,NO,NO,NO,NO,NO,NO,,NOT_EXPRESSIBLE,F,FEB,BASE_SAUCE_UNSPECIFIED | HINT5_KEY_SUB_AUTHORING | NEW_INGREDIENT_DATA | RECIPE_AUTHORING_VALUES | TAXONOMY_NEEDS_HCG_DECISION,OD-AM-2 | OD-AM-6 | OD-AM-7,BLOCKED: HCG / canonicalization first
hokkaido-cheese-pizza-pizzadb-p15,北海道チーズピザ,CANDIDATE (PIZZA DB evidence name),comparison_table_sample,,NONE,bacon corn potato,チーズ,,0,,0,bacon corn potato,3,True,VALID_NOW,MISSING,,,MISSING,False,NO_SAUCE,none (PR #295: DATA_ONLY after TQ-1D),DATA_ONLY,REQUIRED,UNKNOWN,UNKNOWN,NO,NO,NO,NO,NO,NO,NO,NO,,NOT_EXPRESSIBLE,F,FCB,HINT5_KEY_SUB_AUTHORING | NO_SAUCE | RECIPE_AUTHORING_VALUES | UNRESOLVED_INGREDIENT_TOKEN,OD-AM-6 | OD-AM-7 | OD-AM-8,BLOCKED: HCG / canonicalization first
